-- phpMyAdmin SQL Dump
-- version 4.3.11
-- http://www.phpmyadmin.net
--
-- Host: 127.0.0.1
-- Generation Time: 13 Agu 2016 pada 08.13
-- Versi Server: 5.6.24
-- PHP Version: 5.6.8

SET SQL_MODE = "NO_AUTO_VALUE_ON_ZERO";
SET time_zone = "+00:00";


/*!40101 SET @OLD_CHARACTER_SET_CLIENT=@@CHARACTER_SET_CLIENT */;
/*!40101 SET @OLD_CHARACTER_SET_RESULTS=@@CHARACTER_SET_RESULTS */;
/*!40101 SET @OLD_COLLATION_CONNECTION=@@COLLATION_CONNECTION */;
/*!40101 SET NAMES utf8 */;

--
-- Database: `pabrik_roti`
--

-- --------------------------------------------------------

--
-- Struktur dari tabel `cross_over`
--

CREATE TABLE IF NOT EXISTS `cross_over` (
  `no_cross_over` int(11) NOT NULL,
  `cross_over_x` double NOT NULL,
  `cross_over_y` double NOT NULL,
  `fitness` double NOT NULL,
  `c` double NOT NULL
) ENGINE=InnoDB AUTO_INCREMENT=6 DEFAULT CHARSET=latin1;

--
-- Dumping data untuk tabel `cross_over`
--

INSERT INTO `cross_over` (`no_cross_over`, `cross_over_x`, `cross_over_y`, `fitness`, `c`) VALUES
(1, 16.69108221937374, 35.726482032501714, 0.3797259321493755, 2.6334782940413533),
(2, 16.69108221937374, 22.55909056229496, 0.09493148303734397, 10.533913176165402),
(3, 16.69108221937374, 35.726482032501714, 0.3797259321493755, 2.6334782940413533),
(4, 16.69108221937374, 35.726482032501714, 0.3797259321493755, 2.6334782940413533),
(5, 16.69108221937374, 35.726482032501714, 0.3797259321493755, 2.6334782940413533);

-- --------------------------------------------------------

--
-- Struktur dari tabel `cross_over_generasi`
--

CREATE TABLE IF NOT EXISTS `cross_over_generasi` (
  `no_cross_over` int(11) NOT NULL,
  `cross_over_x` double NOT NULL,
  `cross_over_y` double NOT NULL,
  `fitness` double NOT NULL,
  `c` double NOT NULL,
  `jml_generasi` int(11) NOT NULL
) ENGINE=InnoDB AUTO_INCREMENT=26 DEFAULT CHARSET=latin1;

--
-- Dumping data untuk tabel `cross_over_generasi`
--

INSERT INTO `cross_over_generasi` (`no_cross_over`, `cross_over_x`, `cross_over_y`, `fitness`, `c`, `jml_generasi`) VALUES
(1, 13.27119575169383, 15.626382848859388, 0.036670982788030874, 27.26951731237463, 1),
(2, 20.008301287920403, 15.626382848859388, 0.14167916753578683, 7.058200703694913, 1),
(3, 13.27119575169383, 36.24559395742733, 0.15036901600524677, 6.650306203806689, 1),
(4, 32.36202160776415, 15.626382848859388, 0.033330044484709644, 30.00296025583632, 1),
(5, 20.008301287920403, 33.65964751659419, 0.0911156420843221, 10.97506396403989, 1),
(6, 24.642495269486663, 15.626382848859388, 0.14656782754326433, 6.822779710675707, 2),
(7, 24.642495269486663, 15.626382848859388, 0.14656782754326433, 6.822779710675707, 2),
(8, 24.642495269486663, 15.626382848859388, 0.14656782754326433, 6.822779710675707, 2),
(9, 13.27119575169383, 15.626382848859388, 0.03664195688581613, 27.291118842702794, 2),
(10, 24.642495269486663, 15.626382848859388, 0.14656782754326433, 6.822779710675707, 2),
(11, 24.642495269486663, 22.55909056229496, 1.0018344416418252, 0.9981689173723964, 3),
(12, 24.642495269486663, 22.55909056229496, 1.0018344416418252, 0.9981689173723964, 3),
(13, 24.642495269486663, 22.55909056229496, 1.0018344416418252, 0.9981689173723964, 3),
(14, 24.642495269486663, 27.54993514915694, 0.2504586104104563, 3.9926756694895857, 3),
(15, 24.642495269486663, 22.55909056229496, 1.0018344416418252, 0.9981689173723964, 3),
(16, 16.69108221937374, 22.55909056229496, 0.3450163633229744, 2.898413253124133, 4),
(17, 16.69108221937374, 17.878004119935913, 0.1319348294975097, 7.579499695483179, 4),
(18, 16.69108221937374, 22.55909056229496, 0.3450163633229744, 2.898413253124133, 4),
(19, 16.69108221937374, 22.55909056229496, 0.3450163633229744, 2.898413253124133, 4),
(20, 24.642495269486663, 17.878004119935913, 0.06144491607831232, 16.274739454855588, 4),
(21, 16.69108221937374, 35.726482032501714, 0.3797259321493755, 2.6334782940413533, 5),
(22, 16.69108221937374, 22.55909056229496, 0.09493148303734397, 10.533913176165402, 5),
(23, 16.69108221937374, 35.726482032501714, 0.3797259321493755, 2.6334782940413533, 5),
(24, 16.69108221937374, 35.726482032501714, 0.3797259321493755, 2.6334782940413533, 5),
(25, 16.69108221937374, 35.726482032501714, 0.3797259321493755, 2.6334782940413533, 5);

-- --------------------------------------------------------

--
-- Struktur dari tabel `daftar_index`
--

CREATE TABLE IF NOT EXISTS `daftar_index` (
  `id` int(11) NOT NULL,
  `istilah` varchar(50) NOT NULL,
  `deskripsi` varchar(50) NOT NULL
) ENGINE=InnoDB AUTO_INCREMENT=11 DEFAULT CHARSET=latin1;

--
-- Dumping data untuk tabel `daftar_index`
--

INSERT INTO `daftar_index` (`id`, `istilah`, `deskripsi`) VALUES
(2, '1', '1'),
(6, 'abi', 'aqhi'),
(10, 'zxcv', 'vcxz');

-- --------------------------------------------------------

--
-- Struktur dari tabel `evaluasi`
--

CREATE TABLE IF NOT EXISTS `evaluasi` (
  `noEvaluasi` int(11) NOT NULL,
  `evaluasiX` double NOT NULL,
  `evaluasiY` double NOT NULL,
  `fitness` double NOT NULL,
  `C` double NOT NULL,
  `probabilitas` double NOT NULL,
  `probabilitas_cumulatif` double NOT NULL
) ENGINE=InnoDB AUTO_INCREMENT=6 DEFAULT CHARSET=latin1;

--
-- Dumping data untuk tabel `evaluasi`
--

INSERT INTO `evaluasi` (`noEvaluasi`, `evaluasiX`, `evaluasiY`, `fitness`, `C`, `probabilitas`, `probabilitas_cumulatif`) VALUES
(1, 13.556186290667155, 35.726482032501714, 0.6491849528632522, 1.5403930660892033, 0.7136189179769452, 0.7136189179769452),
(2, 16.69108221937374, 11.133287556267643, 0.05977679432439504, 16.728899756203518, 0.06570985833507276, 0.779328776312018),
(3, 16.69108221937374, 37.78637369344625, 0.10076392780339401, 9.92418638097509, 0.11076511372146967, 0.8900938900334877),
(4, 16.69108221937374, 11.195773250934614, 0.060000909392251466, 16.666414061536546, 0.0659562176376423, 0.95605010767113),
(5, 22.406824146981627, 35.726482032501714, 0.03998157568572786, 25.011520502854214, 0.04394989232886996, 0.9999999999999999);

-- --------------------------------------------------------

--
-- Struktur dari tabel `evaluasi_generasi`
--

CREATE TABLE IF NOT EXISTS `evaluasi_generasi` (
  `noEvaluasi` int(11) NOT NULL,
  `evaluasiX` double NOT NULL,
  `evaluasiY` double NOT NULL,
  `fitness` double NOT NULL,
  `C` double NOT NULL,
  `probabilitas` double NOT NULL,
  `probabilitas_cumulatif` double NOT NULL,
  `jml_generasi` int(11) NOT NULL
) ENGINE=InnoDB AUTO_INCREMENT=31 DEFAULT CHARSET=latin1;

--
-- Dumping data untuk tabel `evaluasi_generasi`
--

INSERT INTO `evaluasi_generasi` (`noEvaluasi`, `evaluasiX`, `evaluasiY`, `fitness`, `C`, `probabilitas`, `probabilitas_cumulatif`, `jml_generasi`) VALUES
(1, 33.71616919978026, 33.65964751659419, 0.02198317359726044, 45.48933735958036, 0.08124579816177602, 0.08124579816177602, 0),
(2, 20.008301287920403, 15.626382848859388, 0.07316610416322837, 13.66753104373401, 0.27040856975582145, 0.35165436791759747, 0),
(3, 13.27119575169383, 36.24559395742733, 0.07541684847041535, 13.25963654384579, 0.27872691000303074, 0.6303812779206281, 0),
(4, 32.36202160776415, 6.593194476234073, 0.06963574183939206, 14.36044154317191, 0.2573609948216869, 0.887742272742315, 0),
(5, 14.598791430140999, 12.599832150759136, 0.030374261337500506, 32.922611315172475, 0.11225772725768492, 0.9999999999999999, 0),
(6, 31.018494781175608, 15.626382848859388, 0.04567910178188649, 21.891849029232404, 0.09323816389835039, 0.09323816389835039, 1),
(7, 13.27119575169383, 4.377355611505303, 0.023474687960670083, 42.599075296567015, 0.047915495667813404, 0.1411536595661638, 1),
(8, 14.6607458951352, 15.626382848859388, 0.03678986686605048, 27.181397628888824, 0.07509385042276637, 0.21624750998893016, 1),
(9, 24.642495269486663, 15.626382848859388, 0.3618140713873564, 2.763850494165565, 0.7385188931652975, 0.9547664031542277, 1),
(10, 38.76280290545077, 15.626382848859388, 0.02216077610163458, 45.12477340205788, 0.04523359684577227, 1, 1),
(11, 24.642495269486663, 5.62600137331197, 0.06146001652438377, 16.270740825513087, 0.02455883820707836, 0.02455883820707836, 2),
(12, 24.642495269486663, 30.27740901808194, 0.11932224744959737, 8.380666819256884, 0.04768003549847747, 0.07223887370555583, 2),
(13, 24.642495269486663, 22.55909056229496, 1.5097795286474505, 0.6623483634699028, 0.6032935438229372, 0.675532417528493, 2),
(14, 24.642495269486663, 23.471274891279467, 0.6351090738174391, 1.5745326924544116, 0.25378354692667016, 0.9293159644551632, 2),
(15, 24.642495269486663, 27.54993514915694, 0.17689118499684192, 5.653192950331885, 0.07068403554483693, 1, 2),
(16, 24.642495269486663, 31.902571145189594, 0.03443434094353756, 29.0407765213138, 0.07788356828504844, 0.07788356828504844, 3),
(17, 11.780748336690472, 22.55909056229496, 0.052943822497034734, 18.88794485996941, 0.11974830072922173, 0.19763186901427016, 3),
(18, 16.69108221937374, 22.55909056229496, 0.24056138104860408, 4.156943211919604, 0.5441015635631248, 0.741733432577395, 3),
(19, 24.642495269486663, 17.878004119935913, 0.06659470222910617, 15.016209496060117, 0.15062385096864922, 0.8923572835460443, 3),
(20, 11.072697308185314, 22.55909056229496, 0.047591630430929045, 21.012097945484882, 0.1076427164539557, 1, 3),
(21, 16.69108221937374, 35.726482032501714, 0.33328757062326014, 3.000411920942515, 0.6637877333293049, 0.6637877333293049, 4),
(22, 31.866385887810534, 22.55909056229496, 0.034062140964346156, 29.35810761416111, 0.06783940757462091, 0.7316271409039258, 4),
(23, 16.69108221937374, 19.905317769131, 0.05313051309876195, 18.82157618431323, 0.1058166759549383, 0.837443816858864, 4),
(24, 12.467557834340475, 22.55909056229496, 0.03467601577350468, 28.838376546249066, 0.06906202312958232, 0.9065058399884464, 4),
(25, 29.181102362204726, 22.55909056229496, 0.04694338248979726, 21.302257037343686, 0.09349416001155374, 1, 4),
(26, 13.556186290667155, 35.726482032501714, 0.6491849528632522, 1.5403930660892033, 0.7136189179769452, 0.7136189179769452, 5),
(27, 16.69108221937374, 11.133287556267643, 0.05977679432439504, 16.728899756203518, 0.06570985833507276, 0.779328776312018, 5),
(28, 16.69108221937374, 37.78637369344625, 0.10076392780339401, 9.92418638097509, 0.11076511372146967, 0.8900938900334877, 5),
(29, 16.69108221937374, 11.195773250934614, 0.060000909392251466, 16.666414061536546, 0.0659562176376423, 0.95605010767113, 5),
(30, 22.406824146981627, 35.726482032501714, 0.03998157568572786, 25.011520502854214, 0.04394989232886996, 0.9999999999999999, 5);

-- --------------------------------------------------------

--
-- Struktur dari tabel `hari`
--

CREATE TABLE IF NOT EXISTS `hari` (
  `id_hari` int(11) NOT NULL,
  `nama_hari` varchar(50) NOT NULL
) ENGINE=InnoDB DEFAULT CHARSET=latin1;

--
-- Dumping data untuk tabel `hari`
--

INSERT INTO `hari` (`id_hari`, `nama_hari`) VALUES
(1, 'Senin'),
(2, 'Selasa'),
(3, 'Rabu'),
(4, 'Kamis'),
(5, 'Jumat'),
(6, 'Sabtu'),
(7, 'minggu');

-- --------------------------------------------------------

--
-- Struktur dari tabel `jadwal`
--

CREATE TABLE IF NOT EXISTS `jadwal` (
  `id_jadwal` int(11) NOT NULL,
  `id_hari` int(11) NOT NULL,
  `id_jam` int(11) DEFAULT NULL,
  `id_pegawai` varchar(11) NOT NULL,
  `keterangan` varchar(50) DEFAULT NULL
) ENGINE=InnoDB DEFAULT CHARSET=latin1;

--
-- Dumping data untuk tabel `jadwal`
--

INSERT INTO `jadwal` (`id_jadwal`, `id_hari`, `id_jam`, `id_pegawai`, `keterangan`) VALUES
(254, 1, 13, '000038', NULL),
(255, 2, 22, '000038', NULL),
(256, 3, 13, '000038', NULL),
(257, 4, 16, '000038', NULL),
(258, 5, 16, '000038', NULL),
(259, 6, 15, '000038', NULL),
(260, 7, 13, '000038', NULL),
(261, 1, 16, '000052', NULL),
(262, 2, 21, '000052', NULL),
(263, 3, 16, '000052', NULL),
(264, 4, 22, '000052', NULL),
(265, 5, 23, '000052', NULL),
(266, 6, 13, '000052', NULL),
(267, 7, 22, '000052', NULL),
(268, 1, 13, '000087', NULL),
(269, 2, 22, '000087', NULL),
(270, 3, 16, '000087', NULL),
(271, 4, 15, '000087', NULL),
(272, 5, 13, '000087', NULL),
(273, 6, 22, '000087', NULL),
(274, 7, 21, '000087', NULL),
(275, 1, 16, '000104', NULL),
(276, 2, 16, '000104', NULL),
(277, 3, 15, '000104', NULL),
(278, 4, 21, '000104', NULL),
(279, 5, 22, '000104', NULL),
(280, 6, 21, '000104', NULL),
(281, 7, 22, '000104', NULL),
(282, 1, 16, '020010', NULL),
(283, 2, 23, '020010', NULL),
(284, 3, 21, '020010', NULL),
(285, 4, 22, '020010', NULL),
(286, 5, 21, '020010', NULL),
(287, 6, 16, '020010', NULL),
(288, 7, 22, '020010', NULL),
(289, 1, 23, '020012', NULL),
(290, 2, 13, '020012', NULL),
(291, 3, 16, '020012', NULL),
(292, 4, 13, '020012', NULL),
(293, 5, 22, '020012', NULL),
(294, 6, 22, '020012', NULL),
(295, 7, 23, '020012', NULL),
(296, 1, 13, '020021', NULL),
(297, 2, 16, '020021', NULL),
(298, 3, 13, '020021', NULL),
(299, 4, 22, '020021', NULL),
(300, 5, 16, '020021', NULL),
(301, 6, 23, '020021', NULL),
(302, 7, 21, '020021', NULL),
(303, 1, 16, '020023', NULL),
(304, 2, 21, '020023', NULL),
(305, 3, 16, '020023', NULL),
(306, 4, 16, '020023', NULL),
(307, 5, 23, '020023', NULL),
(308, 6, 13, '020023', NULL),
(309, 7, 16, '020023', NULL),
(310, 1, 13, '020024', NULL),
(311, 2, 16, '020024', NULL),
(312, 3, 22, '020024', NULL),
(313, 4, 15, '020024', NULL),
(314, 5, 21, '020024', NULL),
(315, 6, 22, '020024', NULL),
(316, 7, 13, '020024', NULL),
(317, 1, 22, '020025', NULL),
(318, 2, 22, '020025', NULL),
(319, 3, 23, '020025', NULL),
(320, 4, 21, '020025', NULL),
(321, 5, 22, '020025', NULL),
(322, 6, 21, '020025', NULL),
(323, 7, 16, '020025', NULL),
(324, 1, 16, '020048', NULL),
(325, 2, 23, '020048', NULL),
(326, 3, 13, '020048', NULL),
(327, 4, 16, '020048', NULL),
(328, 5, 21, '020048', NULL),
(329, 6, 16, '020048', NULL),
(330, 7, 16, '020048', NULL),
(331, 1, 15, '050041', NULL),
(332, 2, 13, '050041', NULL),
(333, 3, 16, '050041', NULL),
(334, 4, 21, '050041', NULL),
(335, 5, 16, '050041', NULL),
(336, 6, 16, '050041', NULL),
(337, 7, 15, '050041', NULL),
(338, 1, 13, '050110', NULL),
(339, 2, 16, '050110', NULL),
(340, 3, 13, '050110', NULL),
(341, 4, 16, '050110', NULL),
(342, 5, 16, '050110', NULL),
(343, 6, 15, '050110', NULL),
(344, 7, 13, '050110', NULL),
(345, 1, 22, '070347', NULL),
(346, 2, 21, '070347', NULL),
(347, 3, 22, '070347', NULL),
(348, 4, 16, '070347', NULL),
(349, 5, 15, '070347', NULL),
(350, 6, 13, '070347', NULL),
(351, 7, 22, '070347', NULL),
(352, 1, 21, '070350', NULL),
(353, 2, 22, '070350', NULL),
(354, 3, 16, '070350', NULL),
(355, 4, 23, '070350', NULL),
(356, 5, 21, '070350', NULL),
(357, 6, 16, '070350', NULL),
(358, 7, 13, '070350', NULL),
(359, 1, 16, '070355', NULL),
(360, 2, 16, '070355', NULL),
(361, 3, 23, '070355', NULL),
(362, 4, 21, '070355', NULL),
(363, 5, 16, '070355', NULL),
(364, 6, 21, '070355', NULL),
(365, 7, 16, '070355', NULL),
(366, 1, 22, '070357', NULL),
(367, 2, 15, '070357', NULL),
(368, 3, 13, '070357', NULL),
(369, 4, 22, '070357', NULL),
(370, 5, 21, '070357', NULL),
(371, 6, 22, '070357', NULL),
(372, 7, 16, '070357', NULL),
(373, 1, 15, '070358', NULL),
(374, 2, 13, '070358', NULL),
(375, 3, 16, '070358', NULL),
(376, 4, 21, '070358', NULL),
(377, 5, 22, '070358', NULL),
(378, 6, 22, '070358', NULL),
(379, 7, 23, '070358', NULL),
(380, 1, 21, '070359', NULL),
(381, 2, 22, '070359', NULL),
(382, 3, 13, '070359', NULL),
(383, 4, 16, '070359', NULL),
(384, 5, 22, '070359', NULL),
(385, 6, 23, '070359', NULL),
(386, 7, 21, '070359', NULL),
(387, 1, 22, '070360', NULL),
(388, 2, 21, '070360', NULL),
(389, 3, 16, '070360', NULL),
(390, 4, 16, '070360', NULL),
(391, 5, 15, '070360', NULL),
(392, 6, 13, '070360', NULL),
(393, 7, 22, '070360', NULL),
(394, 1, 21, '070365', NULL),
(395, 2, 22, '070365', NULL),
(396, 3, 22, '070365', NULL),
(397, 4, 15, '070365', NULL),
(398, 5, 13, '070365', NULL),
(399, 6, 16, '070365', NULL),
(400, 7, 13, '070365', NULL),
(401, 1, 22, '070367', NULL),
(402, 2, 16, '070367', NULL),
(403, 3, 23, '070367', NULL),
(404, 4, 21, '070367', NULL),
(405, 5, 22, '070367', NULL),
(406, 6, 13, '070367', NULL),
(407, 7, 22, '070367', NULL),
(408, 1, 22, '116584', NULL),
(409, 2, 15, '116584', NULL),
(410, 3, 21, '116584', NULL),
(411, 4, 22, '116584', NULL),
(412, 5, 13, '116584', NULL),
(413, 6, 16, '116584', NULL),
(414, 7, 16, '116584', NULL),
(415, 1, 15, '116585', NULL),
(416, 2, 13, '116585', NULL),
(417, 3, 22, '116585', NULL),
(418, 4, 13, '116585', NULL),
(419, 5, 16, '116585', NULL),
(420, 6, 16, '116585', NULL),
(421, 7, 23, '116585', NULL),
(422, 1, 21, '116586', NULL),
(423, 2, 16, '116586', NULL),
(424, 3, 13, '116586', NULL),
(425, 4, 22, '116586', NULL),
(426, 5, 16, '116586', NULL),
(427, 6, 15, '116586', NULL),
(428, 7, 13, '116586', NULL),
(429, 1, 22, '116587', NULL),
(430, 2, 21, '116587', NULL),
(431, 3, 16, '116587', NULL),
(432, 4, 16, '116587', NULL),
(433, 5, 15, '116587', NULL),
(434, 6, 13, '116587', NULL),
(435, 7, 16, '116587', NULL),
(436, 1, 21, '810099', NULL),
(437, 2, 22, '810099', NULL),
(438, 3, 16, '810099', NULL),
(439, 4, 15, '810099', NULL),
(440, 5, 13, '810099', NULL),
(441, 6, 22, '810099', NULL),
(442, 7, 13, '810099', NULL),
(443, 1, 22, '860010', NULL),
(444, 2, 22, '860010', NULL),
(445, 3, 15, '860010', NULL),
(446, 4, 13, '860010', NULL),
(447, 5, 16, '860010', NULL),
(448, 6, 21, '860010', NULL),
(449, 7, 22, '860010', NULL),
(450, 1, 16, '860029', NULL),
(451, 2, 15, '860029', NULL),
(452, 3, 21, '860029', NULL),
(453, 4, 22, '860029', NULL),
(454, 5, 13, '860029', NULL),
(455, 6, 16, '860029', NULL),
(456, 7, 22, '860029', NULL),
(457, 1, 23, '860034', NULL),
(458, 2, 21, '860034', NULL),
(459, 3, 16, '860034', NULL),
(460, 4, 13, '860034', NULL),
(461, 5, 16, '860034', NULL),
(462, 6, 16, '860034', NULL),
(463, 7, 23, '860034', NULL),
(464, 1, 21, '870118', NULL),
(465, 2, 22, '870118', NULL),
(466, 3, 21, '870118', NULL),
(467, 4, 16, '870118', NULL),
(468, 5, 16, '870118', NULL),
(469, 6, 15, '870118', NULL),
(470, 7, 21, '870118', NULL),
(471, 1, 22, '880097', NULL),
(472, 2, 13, '880097', NULL),
(473, 3, 22, '880097', NULL),
(474, 4, 22, '880097', NULL),
(475, 5, 23, '880097', NULL),
(476, 6, 13, '880097', NULL),
(477, 7, 22, '880097', NULL),
(478, 1, 21, '880098', NULL),
(479, 2, 16, '880098', NULL),
(480, 3, 16, '880098', NULL),
(481, 4, 23, '880098', NULL),
(482, 5, 13, '880098', NULL),
(483, 6, 22, '880098', NULL),
(484, 7, 13, '880098', NULL),
(485, 1, 16, '890077', NULL),
(486, 2, 16, '890077', NULL),
(487, 3, 23, '890077', NULL),
(488, 4, 13, '890077', NULL),
(489, 5, 16, '890077', NULL),
(490, 6, 13, '890077', NULL),
(491, 7, 16, '890077', NULL),
(492, 1, 22, '930005', NULL),
(493, 2, 15, '930005', NULL),
(494, 3, 13, '930005', NULL),
(495, 4, 22, '930005', NULL),
(496, 5, 13, '930005', NULL),
(497, 6, 22, '930005', NULL),
(498, 7, 22, '930005', NULL),
(499, 1, 23, '930020', NULL),
(500, 2, 21, '930020', NULL),
(501, 3, 22, '930020', NULL),
(502, 4, 13, '930020', NULL),
(503, 5, 16, '930020', NULL),
(504, 6, 22, '930020', NULL),
(505, 7, 15, '930020', NULL),
(506, 1, 21, '930037', NULL),
(507, 2, 16, '930037', NULL),
(508, 3, 21, '930037', NULL),
(509, 4, 22, '930037', NULL),
(510, 5, 22, '930037', NULL),
(511, 6, 15, '930037', NULL),
(512, 7, 13, '930037', NULL),
(513, 1, 22, '930041', NULL),
(514, 2, 21, '930041', NULL),
(515, 3, 22, '930041', NULL),
(516, 4, 22, '930041', NULL),
(517, 5, 23, '930041', NULL),
(518, 6, 13, '930041', NULL),
(519, 7, 16, '930041', NULL),
(520, 1, 13, '950036', NULL),
(521, 2, 16, '950036', NULL),
(522, 3, 16, '950036', NULL),
(523, 4, 23, '950036', NULL),
(524, 5, 13, '950036', NULL),
(525, 6, 16, '950036', NULL),
(526, 7, 21, '950036', NULL),
(527, 1, 22, '950050', NULL),
(528, 2, 16, '950050', NULL),
(529, 3, 23, '950050', NULL),
(530, 4, 13, '950050', NULL),
(531, 5, 22, '950050', NULL),
(532, 6, 13, '950050', NULL),
(533, 7, 22, '950050', NULL),
(534, 1, 16, '950052', NULL),
(535, 2, 15, '950052', NULL),
(536, 3, 13, '950052', NULL),
(537, 4, 16, '950052', NULL),
(538, 5, 13, '950052', NULL),
(539, 6, 16, '950052', NULL),
(540, 7, 16, '950052', NULL),
(541, 1, 15, '950053', NULL),
(542, 2, 13, '950053', NULL),
(543, 3, 16, '950053', NULL),
(544, 4, 21, '950053', NULL),
(545, 5, 22, '950053', NULL),
(546, 6, 16, '950053', NULL),
(547, 7, 23, '950053', NULL),
(548, 1, 13, '950054', NULL),
(549, 2, 22, '950054', NULL),
(550, 3, 21, '950054', NULL),
(551, 4, 16, '950054', NULL),
(552, 5, 16, '950054', NULL),
(553, 6, 23, '950054', NULL),
(554, 7, 21, '950054', NULL),
(555, 1, 22, '950055', NULL),
(556, 2, 21, '950055', NULL),
(557, 3, 16, '950055', NULL),
(558, 4, 16, '950055', NULL),
(559, 5, 23, '950055', NULL),
(560, 6, 13, '950055', NULL),
(561, 7, 22, '950055', NULL),
(562, 1, 13, '950057', NULL),
(563, 2, 16, '950057', NULL),
(564, 3, 22, '950057', NULL),
(565, 4, 23, '950057', NULL),
(566, 5, 13, '950057', NULL),
(567, 6, 16, '950057', NULL),
(568, 7, 21, '950057', NULL),
(569, 1, 16, '950096', NULL),
(570, 2, 16, '950096', NULL),
(571, 3, 23, '950096', NULL),
(572, 4, 21, '950096', NULL),
(573, 5, 22, '950096', NULL),
(574, 6, 13, '950096', NULL),
(575, 7, 16, '950096', NULL),
(576, 1, 22, '950097', NULL),
(577, 2, 23, '950097', NULL),
(578, 3, 13, '950097', NULL),
(579, 4, 22, '950097', NULL),
(580, 5, 21, '950097', NULL),
(581, 6, 16, '950097', NULL),
(582, 7, 16, '950097', NULL),
(583, 1, 23, '960012', NULL),
(584, 2, 13, '960012', NULL),
(585, 3, 16, '960012', NULL),
(586, 4, 13, '960012', NULL),
(587, 5, 22, '960012', NULL),
(588, 6, 16, '960012', NULL),
(589, 7, 15, '960012', NULL),
(590, 1, 13, '960020', NULL),
(591, 2, 22, '960020', NULL),
(592, 3, 13, '960020', NULL),
(593, 4, 16, '960020', NULL),
(594, 5, 22, '960020', NULL),
(595, 6, 15, '960020', NULL),
(596, 7, 13, '960020', NULL),
(597, 1, 16, '960064', NULL),
(598, 2, 21, '960064', NULL),
(599, 3, 16, '960064', NULL),
(600, 4, 16, '960064', NULL),
(601, 5, 23, '960064', NULL),
(602, 6, 13, '960064', NULL),
(603, 7, 16, '960064', NULL),
(604, 1, 21, '960066', NULL),
(605, 2, 16, '960066', NULL),
(606, 3, 16, '960066', NULL),
(607, 4, 15, '960066', NULL),
(608, 5, 13, '960066', NULL),
(609, 6, 22, '960066', NULL),
(610, 7, 21, '960066', NULL),
(611, 1, 22, '960067', NULL),
(612, 2, 22, '960067', NULL),
(613, 3, 23, '960067', NULL),
(614, 4, 13, '960067', NULL),
(615, 5, 16, '960067', NULL),
(616, 6, 21, '960067', NULL),
(617, 7, 16, '960067', NULL),
(618, 1, 16, '970010', NULL),
(619, 2, 23, '970010', NULL),
(620, 3, 13, '970010', NULL),
(621, 4, 22, '970010', NULL),
(622, 5, 13, '970010', NULL),
(623, 6, 16, '970010', NULL),
(624, 7, 22, '970010', NULL),
(625, 1, 23, '970034', NULL),
(626, 2, 13, '970034', NULL),
(627, 3, 22, '970034', NULL),
(628, 4, 21, '970034', NULL),
(629, 5, 22, '970034', NULL),
(630, 6, 16, '970034', NULL),
(631, 7, 15, '970034', NULL),
(632, 1, 21, '970051', NULL),
(633, 2, 16, '970051', NULL),
(634, 3, 21, '970051', NULL),
(635, 4, 16, '970051', NULL),
(636, 5, 22, '970051', NULL),
(637, 6, 15, '970051', NULL),
(638, 7, 21, '970051', NULL),
(639, 1, 22, '970078', NULL),
(640, 2, 13, '970078', NULL),
(641, 3, 22, '970078', NULL),
(642, 4, 22, '970078', NULL),
(643, 5, 23, '970078', NULL),
(644, 6, 21, '970078', NULL),
(645, 7, 22, '970078', NULL),
(646, 1, 13, '970088', NULL),
(647, 2, 22, '970088', NULL),
(648, 3, 22, '970088', NULL),
(649, 4, 15, '970088', NULL),
(650, 5, 21, '970088', NULL),
(651, 6, 22, '970088', NULL),
(652, 7, 13, '970088', NULL),
(653, 1, 22, '970091', NULL),
(654, 2, 22, '970091', NULL),
(655, 3, 15, '970091', NULL),
(656, 4, 13, '970091', NULL),
(657, 5, 22, '970091', NULL),
(658, 6, 13, '970091', NULL),
(659, 7, 22, '970091', NULL),
(660, 1, 22, '970095', NULL),
(661, 2, 23, '970095', NULL),
(662, 3, 21, '970095', NULL),
(663, 4, 22, '970095', NULL),
(664, 5, 13, '970095', NULL),
(665, 6, 22, '970095', NULL),
(666, 7, 16, '970095', NULL),
(667, 1, 23, '970096', NULL),
(668, 2, 13, '970096', NULL),
(669, 3, 22, '970096', NULL),
(670, 4, 21, '970096', NULL),
(671, 5, 16, '970096', NULL),
(672, 6, 16, '970096', NULL),
(673, 7, 23, '970096', NULL),
(674, 1, 21, '970106', NULL),
(675, 2, 16, '970106', NULL),
(676, 3, 21, '970106', NULL),
(677, 4, 16, '970106', NULL),
(678, 5, 16, '970106', NULL),
(679, 6, 23, '970106', NULL),
(680, 7, 13, '970106', NULL),
(681, 1, 16, '980023', NULL),
(682, 2, 21, '980023', NULL),
(683, 3, 22, '980023', NULL),
(684, 4, 22, '980023', NULL),
(685, 5, 15, '980023', NULL),
(686, 6, 21, '980023', NULL),
(687, 7, 22, '980023', NULL),
(688, 1, 21, '980030', NULL),
(689, 2, 16, '980030', NULL),
(690, 3, 16, '980030', NULL),
(691, 4, 15, '980030', NULL),
(692, 5, 13, '980030', NULL),
(693, 6, 16, '980030', NULL),
(694, 7, 21, '980030', NULL),
(695, 1, 22, '990137', NULL),
(696, 2, 22, '990137', NULL),
(697, 3, 23, '990137', NULL),
(698, 4, 13, '990137', NULL),
(699, 5, 16, '990137', NULL),
(700, 6, 13, '990137', NULL),
(701, 7, 22, '990137', NULL),
(702, 1, 21, '000038', NULL),
(703, 2, 16, '000038', NULL),
(704, 3, 21, '000038', NULL),
(705, 4, 22, '000038', NULL),
(706, 5, 22, '000038', NULL),
(707, 6, 15, '000038', NULL),
(708, 7, 21, '000038', NULL),
(709, 1, 22, '000052', NULL),
(710, 2, 13, '000052', NULL),
(711, 3, 16, '000052', NULL),
(712, 4, 16, '000052', NULL),
(713, 5, 15, '000052', NULL),
(714, 6, 21, '000052', NULL),
(715, 7, 16, '000052', NULL),
(716, 1, 13, '000087', NULL),
(717, 2, 16, '000087', NULL),
(718, 3, 16, '000087', NULL),
(719, 4, 15, '000087', NULL),
(720, 5, 21, '000087', NULL),
(721, 6, 22, '000087', NULL),
(722, 7, 21, '000087', NULL),
(723, 1, 22, '000104', NULL),
(724, 2, 22, '000104', NULL),
(725, 3, 15, '000104', NULL),
(726, 4, 13, '000104', NULL),
(727, 5, 16, '000104', NULL),
(728, 6, 21, '000104', NULL),
(729, 7, 22, '000104', NULL),
(730, 1, 16, '020010', NULL),
(731, 2, 15, '020010', NULL),
(732, 3, 21, '020010', NULL),
(733, 4, 16, '020010', NULL),
(734, 5, 13, '020010', NULL),
(735, 6, 16, '020010', NULL),
(736, 7, 16, '020010', NULL),
(737, 1, 15, '020012', NULL),
(738, 2, 21, '020012', NULL),
(739, 3, 22, '020012', NULL),
(740, 4, 21, '020012', NULL),
(741, 5, 16, '020012', NULL),
(742, 6, 22, '020012', NULL),
(743, 7, 15, '020012', NULL),
(744, 1, 13, '020021', NULL),
(745, 2, 16, '020021', NULL),
(746, 3, 21, '020021', NULL),
(747, 4, 16, '020021', NULL),
(748, 5, 22, '020021', NULL),
(749, 6, 15, '020021', NULL),
(750, 7, 21, '020021', NULL),
(751, 1, 22, '020023', NULL),
(752, 2, 21, '020023', NULL),
(753, 3, 16, '020023', NULL),
(754, 4, 16, '020023', NULL),
(755, 5, 15, '020023', NULL),
(756, 6, 13, '020023', NULL),
(757, 7, 22, '020023', NULL),
(758, 1, 21, '020024', NULL),
(759, 2, 16, '020024', NULL),
(760, 3, 22, '020024', NULL),
(761, 4, 15, '020024', NULL),
(762, 5, 21, '020024', NULL),
(763, 6, 16, '020024', NULL),
(764, 7, 13, '020024', NULL),
(765, 1, 22, '020025', NULL),
(766, 2, 22, '020025', NULL),
(767, 3, 15, '020025', NULL),
(768, 4, 21, '020025', NULL),
(769, 5, 22, '020025', NULL),
(770, 6, 21, '020025', NULL),
(771, 7, 22, '020025', NULL),
(772, 1, 22, '020048', NULL),
(773, 2, 15, '020048', NULL),
(774, 3, 13, '020048', NULL),
(775, 4, 22, '020048', NULL),
(776, 5, 21, '020048', NULL),
(777, 6, 22, '020048', NULL),
(778, 7, 16, '020048', NULL),
(779, 1, 15, '050041', NULL),
(780, 2, 13, '050041', NULL),
(781, 3, 16, '050041', NULL),
(782, 4, 13, '050041', NULL),
(783, 5, 22, '050041', NULL),
(784, 6, 22, '050041', NULL),
(785, 7, 15, '050041', NULL),
(786, 1, 13, '050110', NULL),
(787, 2, 22, '050110', NULL),
(788, 3, 13, '050110', NULL),
(789, 4, 16, '050110', NULL),
(790, 5, 22, '050110', NULL),
(791, 6, 15, '050110', NULL),
(792, 7, 13, '050110', NULL),
(793, 1, 16, '070347', NULL),
(794, 2, 21, '070347', NULL),
(795, 3, 22, '070347', NULL),
(796, 4, 16, '070347', NULL),
(797, 5, 15, '070347', NULL),
(798, 6, 13, '070347', NULL),
(799, 7, 22, '070347', NULL),
(800, 1, 21, '070350', NULL),
(801, 2, 16, '070350', NULL),
(802, 3, 16, '070350', NULL),
(803, 4, 15, '070350', NULL),
(804, 5, 21, '070350', NULL),
(805, 6, 16, '070350', NULL),
(806, 7, 13, '070350', NULL),
(807, 1, 22, '070355', NULL),
(808, 2, 22, '070355', NULL),
(809, 3, 15, '070355', NULL),
(810, 4, 13, '070355', NULL),
(811, 5, 16, '070355', NULL),
(812, 6, 13, '070355', NULL),
(813, 7, 22, '070355', NULL),
(814, 1, 16, '070357', NULL),
(815, 2, 15, '070357', NULL),
(816, 3, 13, '070357', NULL),
(817, 4, 22, '070357', NULL),
(818, 5, 13, '070357', NULL),
(819, 6, 16, '070357', NULL),
(820, 7, 16, '070357', NULL),
(821, 1, 15, '070358', NULL),
(822, 2, 13, '070358', NULL),
(823, 3, 16, '070358', NULL),
(824, 4, 13, '070358', NULL),
(825, 5, 22, '070358', NULL),
(826, 6, 16, '070358', NULL),
(827, 7, 15, '070358', NULL),
(828, 1, 13, '070359', NULL),
(829, 2, 16, '070359', NULL),
(830, 3, 21, '070359', NULL),
(831, 4, 22, '070359', NULL),
(832, 5, 22, '070359', NULL),
(833, 6, 15, '070359', NULL),
(834, 7, 21, '070359', NULL),
(835, 1, 22, '070360', NULL),
(836, 2, 13, '070360', NULL),
(837, 3, 16, '070360', NULL),
(838, 4, 22, '070360', NULL),
(839, 5, 15, '070360', NULL),
(840, 6, 13, '070360', NULL),
(841, 7, 16, '070360', NULL),
(842, 1, 13, '070365', NULL),
(843, 2, 22, '070365', NULL),
(844, 3, 22, '070365', NULL),
(845, 4, 15, '070365', NULL),
(846, 5, 13, '070365', NULL),
(847, 6, 16, '070365', NULL),
(848, 7, 21, '070365', NULL),
(849, 1, 22, '070367', NULL),
(850, 2, 22, '070367', NULL),
(851, 3, 15, '070367', NULL),
(852, 4, 21, '070367', NULL),
(853, 5, 22, '070367', NULL),
(854, 6, 21, '070367', NULL),
(855, 7, 16, '070367', NULL),
(856, 1, 22, '116584', NULL),
(857, 2, 15, '116584', NULL),
(858, 3, 13, '116584', NULL),
(859, 4, 16, '116584', NULL),
(860, 5, 21, '116584', NULL),
(861, 6, 22, '116584', NULL),
(862, 7, 22, '116584', NULL),
(863, 1, 15, '116585', NULL),
(864, 2, 21, '116585', NULL),
(865, 3, 22, '116585', NULL),
(866, 4, 13, '116585', NULL),
(867, 5, 16, '116585', NULL),
(868, 6, 16, '116585', NULL),
(869, 7, 15, '116585', NULL),
(870, 1, 13, '116586', NULL),
(871, 2, 16, '116586', NULL),
(872, 3, 21, '116586', NULL),
(873, 4, 16, '116586', NULL),
(874, 5, 22, '116586', NULL),
(875, 6, 15, '116586', NULL),
(876, 7, 13, '116586', NULL),
(877, 1, 22, '116587', NULL),
(878, 2, 13, '116587', NULL),
(879, 3, 22, '116587', NULL),
(880, 4, 16, '116587', NULL),
(881, 5, 15, '116587', NULL),
(882, 6, 13, '116587', NULL),
(883, 7, 22, '116587', NULL),
(884, 1, 21, '810099', NULL),
(885, 2, 16, '810099', NULL),
(886, 3, 22, '810099', NULL),
(887, 4, 15, '810099', NULL),
(888, 5, 13, '810099', NULL),
(889, 6, 16, '810099', NULL),
(890, 7, 13, '810099', NULL),
(891, 1, 22, '860010', NULL),
(892, 2, 22, '860010', NULL),
(893, 3, 15, '860010', NULL),
(894, 4, 13, '860010', NULL),
(895, 5, 16, '860010', NULL),
(896, 6, 13, '860010', NULL),
(897, 7, 22, '860010', NULL),
(898, 1, 16, '860029', NULL),
(899, 2, 15, '860029', NULL),
(900, 3, 13, '860029', NULL),
(901, 4, 22, '860029', NULL),
(902, 5, 21, '860029', NULL),
(903, 6, 22, '860029', NULL),
(904, 7, 16, '860029', NULL),
(905, 1, 15, '860034', NULL),
(906, 2, 13, '860034', NULL),
(907, 3, 22, '860034', NULL),
(908, 4, 13, '860034', NULL),
(909, 5, 16, '860034', NULL),
(910, 6, 16, '860034', NULL),
(911, 7, 15, '860034', NULL),
(912, 1, 13, '870118', NULL),
(913, 2, 16, '870118', NULL),
(914, 3, 21, '870118', NULL),
(915, 4, 22, '870118', NULL),
(916, 5, 16, '870118', NULL),
(917, 6, 15, '870118', NULL),
(918, 7, 13, '870118', NULL),
(919, 1, 16, '880097', NULL),
(920, 2, 21, '880097', NULL),
(921, 3, 22, '880097', NULL),
(922, 4, 22, '880097', NULL),
(923, 5, 15, '880097', NULL),
(924, 6, 13, '880097', NULL),
(925, 7, 16, '880097', NULL),
(926, 1, 21, '880098', NULL),
(927, 2, 22, '880098', NULL),
(928, 3, 16, '880098', NULL),
(929, 4, 15, '880098', NULL),
(930, 5, 13, '880098', NULL),
(931, 6, 16, '880098', NULL),
(932, 7, 13, '880098', NULL),
(933, 1, 16, '890077', NULL),
(934, 2, 16, '890077', NULL),
(935, 3, 15, '890077', NULL),
(936, 4, 13, '890077', NULL),
(937, 5, 16, '890077', NULL),
(938, 6, 13, '890077', NULL),
(939, 7, 16, '890077', NULL),
(940, 1, 22, '930005', NULL),
(941, 2, 15, '930005', NULL),
(942, 3, 13, '930005', NULL),
(943, 4, 16, '930005', NULL),
(944, 5, 21, '930005', NULL),
(945, 6, 16, '930005', NULL),
(946, 7, 22, '930005', NULL),
(947, 1, 15, '930020', NULL),
(948, 2, 21, '930020', NULL),
(949, 3, 22, '930020', NULL),
(950, 4, 21, '930020', NULL),
(951, 5, 22, '930020', NULL),
(952, 6, 16, '930020', NULL),
(953, 7, 15, '930020', NULL),
(954, 1, 13, '930037', NULL),
(955, 2, 22, '930037', NULL),
(956, 3, 13, '930037', NULL),
(957, 4, 16, '930037', NULL),
(958, 5, 16, '930037', NULL),
(959, 6, 15, '930037', NULL),
(960, 7, 21, '930037', NULL),
(961, 1, 16, '930041', NULL),
(962, 2, 21, '930041', NULL),
(963, 3, 16, '930041', NULL),
(964, 4, 22, '930041', NULL),
(965, 5, 15, '930041', NULL),
(966, 6, 13, '930041', NULL),
(967, 7, 22, '930041', NULL),
(968, 1, 13, '950036', NULL),
(969, 2, 16, '950036', NULL),
(970, 3, 22, '950036', NULL),
(971, 4, 15, '950036', NULL),
(972, 5, 21, '950036', NULL),
(973, 6, 16, '950036', NULL),
(974, 7, 13, '950036', NULL),
(975, 1, 22, '950050', NULL),
(976, 2, 22, '950050', NULL),
(977, 3, 15, '950050', NULL),
(978, 4, 21, '950050', NULL),
(979, 5, 22, '950050', NULL),
(980, 6, 13, '950050', NULL),
(981, 7, 16, '950050', NULL),
(982, 1, 22, '950052', NULL),
(983, 2, 15, '950052', NULL),
(984, 3, 21, '950052', NULL),
(985, 4, 22, '950052', NULL),
(986, 5, 13, '950052', NULL),
(987, 6, 16, '950052', NULL),
(988, 7, 16, '950052', NULL),
(989, 1, 15, '950053', NULL),
(990, 2, 13, '950053', NULL),
(991, 3, 22, '950053', NULL),
(992, 4, 13, '950053', NULL),
(993, 5, 16, '950053', NULL),
(994, 6, 16, '950053', NULL),
(995, 7, 15, '950053', NULL),
(996, 1, 21, '950054', NULL),
(997, 2, 22, '950054', NULL),
(998, 3, 21, '950054', NULL),
(999, 4, 16, '950054', NULL),
(1000, 5, 16, '950054', NULL),
(1001, 6, 15, '950054', NULL),
(1002, 7, 21, '950054', NULL),
(1003, 1, 16, '950055', NULL),
(1004, 2, 13, '950055', NULL),
(1005, 3, 16, '950055', NULL),
(1006, 4, 22, '950055', NULL),
(1007, 5, 15, '950055', NULL),
(1008, 6, 21, '950055', NULL),
(1009, 7, 22, '950055', NULL),
(1010, 1, 21, '950057', NULL),
(1011, 2, 22, '950057', NULL),
(1012, 3, 22, '950057', NULL),
(1013, 4, 15, '950057', NULL),
(1014, 5, 13, '950057', NULL),
(1015, 6, 16, '950057', NULL),
(1016, 7, 13, '950057', NULL),
(1017, 1, 16, '950096', NULL),
(1018, 2, 16, '950096', NULL),
(1019, 3, 15, '950096', NULL),
(1020, 4, 21, '950096', NULL),
(1021, 5, 22, '950096', NULL),
(1022, 6, 13, '950096', NULL),
(1023, 7, 16, '950096', NULL),
(1024, 1, 16, '950097', NULL),
(1025, 2, 15, '950097', NULL),
(1026, 3, 13, '950097', NULL),
(1027, 4, 16, '950097', NULL),
(1028, 5, 21, '950097', NULL),
(1029, 6, 16, '950097', NULL),
(1030, 7, 22, '950097', NULL),
(1031, 1, 15, '960012', NULL),
(1032, 2, 13, '960012', NULL),
(1033, 3, 22, '960012', NULL),
(1034, 4, 21, '960012', NULL),
(1035, 5, 22, '960012', NULL),
(1036, 6, 22, '960012', NULL),
(1037, 7, 15, '960012', NULL),
(1038, 1, 13, '960020', NULL),
(1039, 2, 16, '960020', NULL),
(1040, 3, 13, '960020', NULL),
(1041, 4, 16, '960020', NULL),
(1042, 5, 16, '960020', NULL),
(1043, 6, 15, '960020', NULL),
(1044, 7, 13, '960020', NULL),
(1045, 1, 16, '960064', NULL),
(1046, 2, 21, '960064', NULL),
(1047, 3, 16, '960064', NULL),
(1048, 4, 22, '960064', NULL),
(1049, 5, 15, '960064', NULL),
(1050, 6, 21, '960064', NULL),
(1051, 7, 22, '960064', NULL),
(1052, 1, 13, '960066', NULL),
(1053, 2, 22, '960066', NULL),
(1054, 3, 16, '960066', NULL),
(1055, 4, 15, '960066', NULL),
(1056, 5, 21, '960066', NULL),
(1057, 6, 16, '960066', NULL),
(1058, 7, 13, '960066', NULL),
(1059, 1, 22, '960067', NULL),
(1060, 2, 22, '960067', NULL),
(1061, 3, 15, '960067', NULL),
(1062, 4, 21, '960067', NULL),
(1063, 5, 16, '960067', NULL),
(1064, 6, 21, '960067', NULL),
(1065, 7, 16, '960067', NULL),
(1066, 1, 22, '970010', NULL),
(1067, 2, 15, '970010', NULL),
(1068, 3, 13, '970010', NULL),
(1069, 4, 22, '970010', NULL),
(1070, 5, 13, '970010', NULL),
(1071, 6, 22, '970010', NULL),
(1072, 7, 16, '970010', NULL),
(1073, 1, 15, '970034', NULL),
(1074, 2, 21, '970034', NULL),
(1075, 3, 22, '970034', NULL),
(1076, 4, 21, '970034', NULL),
(1077, 5, 22, '970034', NULL),
(1078, 6, 22, '970034', NULL),
(1079, 7, 15, '970034', NULL),
(1080, 1, 13, '970051', NULL),
(1081, 2, 22, '970051', NULL),
(1082, 3, 13, '970051', NULL),
(1083, 4, 22, '970051', NULL),
(1084, 5, 22, '970051', NULL),
(1085, 6, 15, '970051', NULL),
(1086, 7, 21, '970051', NULL),
(1087, 1, 22, '970078', NULL),
(1088, 2, 21, '970078', NULL),
(1089, 3, 22, '970078', NULL),
(1090, 4, 16, '970078', NULL),
(1091, 5, 15, '970078', NULL),
(1092, 6, 21, '970078', NULL),
(1093, 7, 22, '970078', NULL),
(1094, 1, 21, '970088', NULL),
(1095, 2, 22, '970088', NULL),
(1096, 3, 22, '970088', NULL),
(1097, 4, 15, '970088', NULL),
(1098, 5, 13, '970088', NULL),
(1099, 6, 16, '970088', NULL),
(1100, 7, 21, '970088', NULL),
(1101, 1, 22, '970091', NULL),
(1102, 2, 16, '970091', NULL),
(1103, 3, 15, '970091', NULL),
(1104, 4, 13, '970091', NULL),
(1105, 5, 22, '970091', NULL),
(1106, 6, 21, '970091', NULL),
(1107, 7, 16, '970091', NULL),
(1108, 1, 16, '970095', NULL),
(1109, 2, 15, '970095', NULL),
(1110, 3, 13, '970095', NULL),
(1111, 4, 22, '970095', NULL),
(1112, 5, 21, '970095', NULL),
(1113, 6, 22, '970095', NULL),
(1114, 7, 16, '970095', NULL),
(1115, 1, 15, '970096', NULL),
(1116, 2, 21, '970096', NULL),
(1117, 3, 22, '970096', NULL),
(1118, 4, 13, '970096', NULL),
(1119, 5, 16, '970096', NULL),
(1120, 6, 16, '970096', NULL),
(1121, 7, 15, '970096', NULL),
(1122, 1, 13, '970106', NULL),
(1123, 2, 16, '970106', NULL),
(1124, 3, 13, '970106', NULL),
(1125, 4, 16, '970106', NULL),
(1126, 5, 22, '970106', NULL),
(1127, 6, 15, '970106', NULL),
(1128, 7, 21, '970106', NULL),
(1129, 1, 16, '980023', NULL),
(1130, 2, 13, '980023', NULL),
(1131, 3, 16, '980023', NULL),
(1132, 4, 16, '980023', NULL),
(1133, 5, 15, '980023', NULL),
(1134, 6, 13, '980023', NULL),
(1135, 7, 16, '980023', NULL),
(1136, 1, 21, '980030', NULL),
(1137, 2, 22, '980030', NULL),
(1138, 3, 22, '980030', NULL),
(1139, 4, 15, '980030', NULL),
(1140, 5, 13, '980030', NULL),
(1141, 6, 16, '980030', NULL),
(1142, 7, 21, '980030', NULL),
(1143, 1, 22, '990137', NULL),
(1144, 2, 22, '990137', NULL),
(1145, 3, 15, '990137', NULL),
(1146, 4, 21, '990137', NULL),
(1147, 5, 16, '990137', NULL),
(1148, 6, 21, '990137', NULL),
(1149, 7, 22, '990137', NULL),
(1150, 1, 21, '000038', NULL),
(1151, 2, 16, '000038', NULL),
(1152, 3, 13, '000038', NULL),
(1153, 4, 22, '000038', NULL),
(1154, 5, 22, '000038', NULL),
(1155, 6, 15, '000038', NULL),
(1156, 7, 13, '000038', NULL),
(1157, 1, 22, '000052', NULL),
(1158, 2, 13, '000052', NULL),
(1159, 3, 22, '000052', NULL),
(1160, 4, 16, '000052', NULL),
(1161, 5, 15, '000052', NULL),
(1162, 6, 13, '000052', NULL),
(1163, 7, 22, '000052', NULL),
(1164, 1, 13, '000087', NULL),
(1165, 2, 16, '000087', NULL),
(1166, 3, 22, '000087', NULL),
(1167, 4, 15, '000087', NULL),
(1168, 5, 21, '000087', NULL),
(1169, 6, 16, '000087', NULL),
(1170, 7, 21, '000087', NULL),
(1171, 1, 16, '000104', NULL),
(1172, 2, 22, '000104', NULL),
(1173, 3, 15, '000104', NULL),
(1174, 4, 13, '000104', NULL),
(1175, 5, 16, '000104', NULL),
(1176, 6, 21, '000104', NULL),
(1177, 7, 16, '000104', NULL),
(1178, 1, 22, '020010', NULL),
(1179, 2, 15, '020010', NULL),
(1180, 3, 13, '020010', NULL),
(1181, 4, 22, '020010', NULL),
(1182, 5, 13, '020010', NULL),
(1183, 6, 22, '020010', NULL),
(1184, 7, 22, '020010', NULL),
(1185, 1, 15, '020012', NULL),
(1186, 2, 21, '020012', NULL),
(1187, 3, 22, '020012', NULL),
(1188, 4, 13, '020012', NULL),
(1189, 5, 22, '020012', NULL),
(1190, 6, 22, '020012', NULL),
(1191, 7, 15, '020012', NULL),
(1192, 1, 21, '020021', NULL),
(1193, 2, 16, '020021', NULL),
(1194, 3, 13, '020021', NULL),
(1195, 4, 16, '020021', NULL),
(1196, 5, 16, '020021', NULL),
(1197, 6, 15, '020021', NULL),
(1198, 7, 21, '020021', NULL),
(1199, 1, 22, '020023', NULL),
(1200, 2, 21, '020023', NULL),
(1201, 3, 22, '020023', NULL),
(1202, 4, 22, '020023', NULL),
(1203, 5, 15, '020023', NULL),
(1204, 6, 21, '020023', NULL),
(1205, 7, 16, '020023', NULL),
(1206, 1, 13, '020024', NULL),
(1207, 2, 16, '020024', NULL),
(1208, 3, 22, '020024', NULL),
(1209, 4, 15, '020024', NULL),
(1210, 5, 21, '020024', NULL),
(1211, 6, 22, '020024', NULL),
(1212, 7, 13, '020024', NULL),
(1213, 1, 22, '020025', NULL),
(1214, 2, 16, '020025', NULL),
(1215, 3, 15, '020025', NULL),
(1216, 4, 21, '020025', NULL),
(1217, 5, 22, '020025', NULL),
(1218, 6, 13, '020025', NULL),
(1219, 7, 16, '020025', NULL),
(1220, 1, 16, '020048', NULL),
(1221, 2, 15, '020048', NULL),
(1222, 3, 21, '020048', NULL),
(1223, 4, 16, '020048', NULL),
(1224, 5, 21, '020048', NULL),
(1225, 6, 16, '020048', NULL),
(1226, 7, 22, '020048', NULL),
(1227, 1, 15, '050041', NULL),
(1228, 2, 21, '050041', NULL),
(1229, 3, 16, '050041', NULL),
(1230, 4, 13, '050041', NULL),
(1231, 5, 22, '050041', NULL),
(1232, 6, 22, '050041', NULL),
(1233, 7, 15, '050041', NULL),
(1234, 1, 13, '050110', NULL),
(1235, 2, 16, '050110', NULL),
(1236, 3, 21, '050110', NULL),
(1237, 4, 22, '050110', NULL),
(1238, 5, 22, '050110', NULL),
(1239, 6, 15, '050110', NULL),
(1240, 7, 13, '050110', NULL),
(1241, 1, 22, '070347', NULL),
(1242, 2, 21, '070347', NULL),
(1243, 3, 22, '070347', NULL),
(1244, 4, 16, '070347', NULL),
(1245, 5, 15, '070347', NULL),
(1246, 6, 13, '070347', NULL),
(1247, 7, 16, '070347', NULL),
(1248, 1, 13, '070350', NULL),
(1249, 2, 22, '070350', NULL),
(1250, 3, 22, '070350', NULL),
(1251, 4, 15, '070350', NULL),
(1252, 5, 13, '070350', NULL),
(1253, 6, 22, '070350', NULL),
(1254, 7, 13, '070350', NULL),
(1255, 1, 16, '070355', NULL),
(1256, 2, 16, '070355', NULL),
(1257, 3, 15, '070355', NULL),
(1258, 4, 21, '070355', NULL),
(1259, 5, 22, '070355', NULL),
(1260, 6, 13, '070355', NULL),
(1261, 7, 22, '070355', NULL),
(1262, 1, 16, '070357', NULL),
(1263, 2, 15, '070357', NULL),
(1264, 3, 13, '070357', NULL),
(1265, 4, 22, '070357', NULL),
(1266, 5, 13, '070357', NULL),
(1267, 6, 22, '070357', NULL),
(1268, 7, 22, '070357', NULL),
(1269, 1, 15, '070358', NULL),
(1270, 2, 21, '070358', NULL),
(1271, 3, 16, '070358', NULL),
(1272, 4, 13, '070358', NULL),
(1273, 5, 22, '070358', NULL),
(1274, 6, 16, '070358', NULL),
(1275, 7, 15, '070358', NULL),
(1276, 1, 21, '070359', NULL),
(1277, 2, 22, '070359', NULL),
(1278, 3, 21, '070359', NULL),
(1279, 4, 22, '070359', NULL),
(1280, 5, 16, '070359', NULL),
(1281, 6, 15, '070359', NULL),
(1282, 7, 13, '070359', NULL),
(1283, 1, 16, '070360', NULL),
(1284, 2, 21, '070360', NULL),
(1285, 3, 22, '070360', NULL),
(1286, 4, 22, '070360', NULL),
(1287, 5, 15, '070360', NULL),
(1288, 6, 13, '070360', NULL),
(1289, 7, 22, '070360', NULL),
(1290, 1, 21, '070365', NULL),
(1291, 2, 22, '070365', NULL),
(1292, 3, 16, '070365', NULL),
(1293, 4, 15, '070365', NULL),
(1294, 5, 13, '070365', NULL),
(1295, 6, 22, '070365', NULL),
(1296, 7, 13, '070365', NULL),
(1297, 1, 16, '070367', NULL),
(1298, 2, 22, '070367', NULL),
(1299, 3, 15, '070367', NULL),
(1300, 4, 13, '070367', NULL),
(1301, 5, 22, '070367', NULL),
(1302, 6, 21, '070367', NULL),
(1303, 7, 22, '070367', NULL),
(1304, 1, 22, '116584', NULL),
(1305, 2, 15, '116584', NULL),
(1306, 3, 13, '116584', NULL),
(1307, 4, 16, '116584', NULL),
(1308, 5, 13, '116584', NULL),
(1309, 6, 22, '116584', NULL),
(1310, 7, 16, '116584', NULL),
(1311, 1, 15, '116585', NULL),
(1312, 2, 21, '116585', NULL),
(1313, 3, 16, '116585', NULL),
(1314, 4, 13, '116585', NULL),
(1315, 5, 16, '116585', NULL),
(1316, 6, 16, '116585', NULL),
(1317, 7, 15, '116585', NULL),
(1318, 1, 13, '116586', NULL),
(1319, 2, 16, '116586', NULL),
(1320, 3, 21, '116586', NULL),
(1321, 4, 22, '116586', NULL),
(1322, 5, 16, '116586', NULL),
(1323, 6, 15, '116586', NULL),
(1324, 7, 13, '116586', NULL),
(1325, 1, 22, '116587', NULL),
(1326, 2, 13, '116587', NULL),
(1327, 3, 16, '116587', NULL),
(1328, 4, 16, '116587', NULL),
(1329, 5, 15, '116587', NULL),
(1330, 6, 21, '116587', NULL),
(1331, 7, 22, '116587', NULL),
(1332, 1, 13, '810099', NULL),
(1333, 2, 22, '810099', NULL),
(1334, 3, 22, '810099', NULL),
(1335, 4, 15, '810099', NULL),
(1336, 5, 21, '810099', NULL),
(1337, 6, 16, '810099', NULL),
(1338, 7, 21, '810099', NULL),
(1339, 1, 22, '860010', NULL),
(1340, 2, 16, '860010', NULL),
(1341, 3, 15, '860010', NULL),
(1342, 4, 13, '860010', NULL),
(1343, 5, 16, '860010', NULL),
(1344, 6, 21, '860010', NULL),
(1345, 7, 16, '860010', NULL),
(1346, 1, 16, '860029', NULL),
(1347, 2, 15, '860029', NULL),
(1348, 3, 13, '860029', NULL),
(1349, 4, 22, '860029', NULL),
(1350, 5, 21, '860029', NULL),
(1351, 6, 22, '860029', NULL),
(1352, 7, 22, '860029', NULL),
(1353, 1, 15, '860034', NULL),
(1354, 2, 13, '860034', NULL),
(1355, 3, 16, '860034', NULL),
(1356, 4, 13, '860034', NULL),
(1357, 5, 16, '860034', NULL),
(1358, 6, 22, '860034', NULL),
(1359, 7, 15, '860034', NULL),
(1360, 1, 13, '870118', NULL),
(1361, 2, 22, '870118', NULL),
(1362, 3, 13, '870118', NULL),
(1363, 4, 16, '870118', NULL),
(1364, 5, 22, '870118', NULL),
(1365, 6, 15, '870118', NULL),
(1366, 7, 21, '870118', NULL),
(1367, 1, 22, '880097', NULL),
(1368, 2, 21, '880097', NULL),
(1369, 3, 22, '880097', NULL),
(1370, 4, 22, '880097', NULL),
(1371, 5, 15, '880097', NULL),
(1372, 6, 21, '880097', NULL),
(1373, 7, 22, '880097', NULL),
(1374, 1, 13, '880098', NULL),
(1375, 2, 22, '880098', NULL),
(1376, 3, 16, '880098', NULL),
(1377, 4, 15, '880098', NULL),
(1378, 5, 13, '880098', NULL),
(1379, 6, 16, '880098', NULL),
(1380, 7, 21, '880098', NULL),
(1381, 1, 22, '890077', NULL),
(1382, 2, 22, '890077', NULL),
(1383, 3, 15, '890077', NULL),
(1384, 4, 21, '890077', NULL),
(1385, 5, 16, '890077', NULL),
(1386, 6, 21, '890077', NULL),
(1387, 7, 22, '890077', NULL),
(1388, 1, 22, '930005', NULL),
(1389, 2, 15, '930005', NULL),
(1390, 3, 13, '930005', NULL),
(1391, 4, 22, '930005', NULL),
(1392, 5, 21, '930005', NULL),
(1393, 6, 16, '930005', NULL),
(1394, 7, 22, '930005', NULL),
(1395, 1, 15, '930020', NULL),
(1396, 2, 21, '930020', NULL),
(1397, 3, 16, '930020', NULL),
(1398, 4, 21, '930020', NULL),
(1399, 5, 22, '930020', NULL),
(1400, 6, 16, '930020', NULL),
(1401, 7, 15, '930020', NULL),
(1402, 1, 21, '930037', NULL),
(1403, 2, 16, '930037', NULL),
(1404, 3, 21, '930037', NULL),
(1405, 4, 22, '930037', NULL),
(1406, 5, 22, '930037', NULL),
(1407, 6, 15, '930037', NULL),
(1408, 7, 21, '930037', NULL),
(1409, 1, 16, '930041', NULL),
(1410, 2, 21, '930041', NULL),
(1411, 3, 22, '930041', NULL),
(1412, 4, 16, '930041', NULL),
(1413, 5, 15, '930041', NULL),
(1414, 6, 21, '930041', NULL),
(1415, 7, 16, '930041', NULL),
(1416, 1, 21, '950036', NULL),
(1417, 2, 16, '950036', NULL),
(1418, 3, 22, '950036', NULL),
(1419, 4, 15, '950036', NULL),
(1420, 5, 21, '950036', NULL),
(1421, 6, 22, '950036', NULL),
(1422, 7, 13, '950036', NULL),
(1423, 1, 22, '950050', NULL),
(1424, 2, 16, '950050', NULL),
(1425, 3, 15, '950050', NULL),
(1426, 4, 13, '950050', NULL),
(1427, 5, 22, '950050', NULL),
(1428, 6, 13, '950050', NULL),
(1429, 7, 16, '950050', NULL),
(1430, 1, 22, '950052', NULL),
(1431, 2, 15, '950052', NULL),
(1432, 3, 21, '950052', NULL),
(1433, 4, 22, '950052', NULL),
(1434, 5, 21, '950052', NULL),
(1435, 6, 22, '950052', NULL),
(1436, 7, 22, '950052', NULL),
(1437, 1, 15, '950053', NULL),
(1438, 2, 13, '950053', NULL),
(1439, 3, 22, '950053', NULL),
(1440, 4, 21, '950053', NULL),
(1441, 5, 22, '950053', NULL),
(1442, 6, 16, '950053', NULL),
(1443, 7, 15, '950053', NULL),
(1444, 1, 21, '950054', NULL),
(1445, 2, 16, '950054', NULL),
(1446, 3, 21, '950054', NULL),
(1447, 4, 22, '950054', NULL),
(1448, 5, 22, '950054', NULL),
(1449, 6, 15, '950054', NULL),
(1450, 7, 13, '950054', NULL),
(1451, 1, 16, '950055', NULL),
(1452, 2, 21, '950055', NULL),
(1453, 3, 22, '950055', NULL),
(1454, 4, 22, '950055', NULL),
(1455, 5, 15, '950055', NULL),
(1456, 6, 13, '950055', NULL),
(1457, 7, 16, '950055', NULL),
(1458, 1, 13, '950057', NULL),
(1459, 2, 22, '950057', NULL),
(1460, 3, 22, '950057', NULL),
(1461, 4, 15, '950057', NULL),
(1462, 5, 13, '950057', NULL),
(1463, 6, 16, '950057', NULL),
(1464, 7, 13, '950057', NULL),
(1465, 1, 16, '950096', NULL),
(1466, 2, 16, '950096', NULL),
(1467, 3, 15, '950096', NULL),
(1468, 4, 21, '950096', NULL),
(1469, 5, 22, '950096', NULL),
(1470, 6, 21, '950096', NULL),
(1471, 7, 22, '950096', NULL),
(1472, 1, 22, '950097', NULL),
(1473, 2, 15, '950097', NULL),
(1474, 3, 13, '950097', NULL),
(1475, 4, 22, '950097', NULL),
(1476, 5, 13, '950097', NULL),
(1477, 6, 16, '950097', NULL),
(1478, 7, 22, '950097', NULL),
(1479, 1, 15, '960012', NULL),
(1480, 2, 21, '960012', NULL),
(1481, 3, 16, '960012', NULL),
(1482, 4, 13, '960012', NULL),
(1483, 5, 16, '960012', NULL),
(1484, 6, 22, '960012', NULL),
(1485, 7, 15, '960012', NULL),
(1486, 1, 21, '960020', NULL),
(1487, 2, 22, '960020', NULL),
(1488, 3, 13, '960020', NULL),
(1489, 4, 16, '960020', NULL),
(1490, 5, 22, '960020', NULL),
(1491, 6, 15, '960020', NULL),
(1492, 7, 13, '960020', NULL),
(1493, 1, 16, '960064', NULL),
(1494, 2, 21, '960064', NULL),
(1495, 3, 22, '960064', NULL),
(1496, 4, 22, '960064', NULL),
(1497, 5, 15, '960064', NULL),
(1498, 6, 13, '960064', NULL),
(1499, 7, 16, '960064', NULL),
(1500, 1, 13, '960066', NULL),
(1501, 2, 22, '960066', NULL),
(1502, 3, 22, '960066', NULL),
(1503, 4, 15, '960066', NULL),
(1504, 5, 13, '960066', NULL),
(1505, 6, 22, '960066', NULL),
(1506, 7, 21, '960066', NULL),
(1507, 1, 16, '960067', NULL),
(1508, 2, 22, '960067', NULL),
(1509, 3, 15, '960067', NULL),
(1510, 4, 21, '960067', NULL),
(1511, 5, 16, '960067', NULL),
(1512, 6, 13, '960067', NULL),
(1513, 7, 16, '960067', NULL),
(1514, 1, 16, '970010', NULL),
(1515, 2, 15, '970010', NULL),
(1516, 3, 21, '970010', NULL),
(1517, 4, 16, '970010', NULL),
(1518, 5, 21, '970010', NULL),
(1519, 6, 16, '970010', NULL),
(1520, 7, 22, '970010', NULL),
(1521, 1, 15, '970034', NULL),
(1522, 2, 21, '970034', NULL),
(1523, 3, 16, '970034', NULL),
(1524, 4, 21, '970034', NULL),
(1525, 5, 16, '970034', NULL),
(1526, 6, 16, '970034', NULL),
(1527, 7, 15, '970034', NULL),
(1528, 1, 13, '970051', NULL),
(1529, 2, 16, '970051', NULL),
(1530, 3, 13, '970051', NULL),
(1531, 4, 16, '970051', NULL),
(1532, 5, 22, '970051', NULL),
(1533, 6, 15, '970051', NULL),
(1534, 7, 21, '970051', NULL),
(1535, 1, 22, '970078', NULL),
(1536, 2, 13, '970078', NULL),
(1537, 3, 16, '970078', NULL),
(1538, 4, 22, '970078', NULL),
(1539, 5, 15, '970078', NULL),
(1540, 6, 13, '970078', NULL),
(1541, 7, 16, '970078', NULL),
(1542, 1, 13, '970088', NULL),
(1543, 2, 16, '970088', NULL),
(1544, 3, 22, '970088', NULL),
(1545, 4, 15, '970088', NULL),
(1546, 5, 13, '970088', NULL),
(1547, 6, 16, '970088', NULL),
(1548, 7, 13, '970088', NULL),
(1549, 1, 22, '970091', NULL),
(1550, 2, 16, '970091', NULL),
(1551, 3, 15, '970091', NULL),
(1552, 4, 21, '970091', NULL),
(1553, 5, 16, '970091', NULL),
(1554, 6, 13, '970091', NULL),
(1555, 7, 22, '970091', NULL),
(1556, 1, 22, '970095', NULL),
(1557, 2, 15, '970095', NULL),
(1558, 3, 13, '970095', NULL),
(1559, 4, 16, '970095', NULL),
(1560, 5, 13, '970095', NULL),
(1561, 6, 22, '970095', NULL),
(1562, 7, 16, '970095', NULL),
(1563, 1, 15, '970096', NULL),
(1564, 2, 21, '970096', NULL),
(1565, 3, 22, '970096', NULL),
(1566, 4, 21, '970096', NULL),
(1567, 5, 22, '970096', NULL),
(1568, 6, 22, '970096', NULL),
(1569, 7, 15, '970096', NULL),
(1570, 1, 13, '970106', NULL),
(1571, 2, 22, '970106', NULL),
(1572, 3, 13, '970106', NULL),
(1573, 4, 22, '970106', NULL),
(1574, 5, 16, '970106', NULL),
(1575, 6, 15, '970106', NULL),
(1576, 7, 21, '970106', NULL),
(1577, 1, 22, '980023', NULL),
(1578, 2, 13, '980023', NULL),
(1579, 3, 16, '980023', NULL),
(1580, 4, 16, '980023', NULL),
(1581, 5, 15, '980023', NULL),
(1582, 6, 21, '980023', NULL),
(1583, 7, 22, '980023', NULL),
(1584, 1, 21, '980030', NULL),
(1585, 2, 16, '980030', NULL),
(1586, 3, 16, '980030', NULL),
(1587, 4, 15, '980030', NULL),
(1588, 5, 13, '980030', NULL),
(1589, 6, 16, '980030', NULL),
(1590, 7, 21, '980030', NULL),
(1591, 1, 22, '990137', NULL),
(1592, 2, 22, '990137', NULL),
(1593, 3, 15, '990137', NULL),
(1594, 4, 13, '990137', NULL),
(1595, 5, 16, '990137', NULL),
(1596, 6, 13, '990137', NULL),
(1597, 7, 16, '990137', NULL),
(1598, 1, 15, '930042', NULL),
(1599, 2, 15, '930042', NULL),
(1600, 3, 16, '930042', NULL),
(1601, 4, 16, '930042', NULL),
(1602, 5, 13, '930042', NULL),
(1603, 6, 16, '930042', NULL),
(1604, 7, 16, '930042', NULL),
(1605, 0, 16, '970062', NULL),
(1606, 2, 15, '970062', NULL),
(1607, 1, 16, '970062', NULL),
(1608, 3, 15, '970062', NULL),
(1609, 4, 16, '970062', NULL),
(1610, 5, 16, '970062', NULL),
(1611, 6, 16, '970062', NULL),
(1612, 6, 16, '980028', NULL),
(1613, 7, 16, '970062', NULL),
(1614, 7, 16, '980028', NULL),
(1615, 1, 15, '980028', NULL),
(1616, 2, 15, '980028', NULL),
(1617, 3, 16, '980028', NULL),
(1618, 4, 16, '980028', NULL),
(1619, 5, 16, '980028', NULL),
(1620, 4, 15, '970009', NULL),
(1621, 5, 15, '970009', NULL),
(1622, 6, 16, '970009', NULL),
(1623, 7, 16, '970009', NULL),
(1624, 1, 16, '970009', NULL),
(1625, 2, 16, '970009', NULL),
(1626, 3, 16, '970009', NULL),
(1627, 6, 15, '000098', NULL),
(1628, 7, 13, '000098', NULL),
(1629, 6, 13, '020022', NULL),
(1630, 7, 13, '020022', NULL),
(1631, 1, 13, '020022', NULL),
(1632, 2, 13, '020022', NULL),
(1633, 3, 13, '020022', NULL),
(1634, 6, 13, '020040', NULL),
(1635, 7, 13, '020040', NULL),
(1636, 6, 13, '020044', NULL),
(1637, 7, 13, '020044', NULL),
(1638, 6, 13, '880135', NULL),
(1639, 7, 13, '880135', NULL),
(1640, 6, 13, '890086', NULL),
(1641, 7, 13, '890086', NULL),
(1642, 6, 13, '960013', NULL),
(1643, 7, 13, '960013', ''),
(1644, 6, 13, '970013', NULL),
(1645, 7, 13, '970013', NULL),
(1646, 6, 13, '970039', NULL),
(1647, 7, 13, '970039', NULL),
(1648, 6, 13, '970060', NULL),
(1649, 7, 13, '970060', NULL),
(1650, 6, 13, '020040', NULL),
(1651, 7, 13, '970061', NULL),
(1652, 6, 13, '980049', NULL);

-- --------------------------------------------------------

--
-- Struktur dari tabel `jam`
--

CREATE TABLE IF NOT EXISTS `jam` (
  `id_jam` int(11) NOT NULL,
  `range_jam` varchar(50) DEFAULT NULL,
  `shift` tinyint(1) DEFAULT NULL
) ENGINE=InnoDB DEFAULT CHARSET=latin1;

--
-- Dumping data untuk tabel `jam`
--

INSERT INTO `jam` (`id_jam`, `range_jam`, `shift`) VALUES
(13, '09.00 - 17.00', 1),
(15, '- libur -', 3),
(16, '16.00 - 24.00', 2),
(21, '09.00 - 15.00 (jp)', 1),
(22, '18.00 - 24.00 (jp)', 2);

-- --------------------------------------------------------

--
-- Struktur dari tabel `koordinat`
--

CREATE TABLE IF NOT EXISTS `koordinat` (
  `id` int(11) NOT NULL,
  `x` float NOT NULL,
  `y` float NOT NULL,
  `bobot` float NOT NULL
) ENGINE=InnoDB AUTO_INCREMENT=27 DEFAULT CHARSET=latin1;

--
-- Dumping data untuk tabel `koordinat`
--

INSERT INTO `koordinat` (`id`, `x`, `y`, `bobot`) VALUES
(15, 10, 38, 3),
(16, 12, 27, 7),
(17, 26, 30, 8),
(18, 38, 29, 3),
(19, 14, 12, 5),
(20, 21, 18, 6),
(21, 31, 24, 5),
(22, 39, 20, 3),
(23, 15, 3, 4),
(24, 25, 9, 5),
(25, 37, 9, 4),
(26, 18, 13, 3);

-- --------------------------------------------------------

--
-- Struktur dari tabel `mutasi`
--

CREATE TABLE IF NOT EXISTS `mutasi` (
  `no_mutasi` int(11) NOT NULL,
  `mutasi_x` double NOT NULL,
  `mutasi_y` double NOT NULL,
  `fitness` double NOT NULL,
  `c` double NOT NULL
) ENGINE=InnoDB AUTO_INCREMENT=6 DEFAULT CHARSET=latin1;

--
-- Dumping data untuk tabel `mutasi`
--

INSERT INTO `mutasi` (`no_mutasi`, `mutasi_x`, `mutasi_y`, `fitness`, `c`) VALUES
(1, 13.556186290667155, 35.726482032501714, 0.6491849528632522, 1.5403930660892033),
(2, 16.69108221937374, 11.133287556267643, 0.05977679432439504, 16.728899756203518),
(3, 16.69108221937374, 37.78637369344625, 0.10076392780339401, 9.92418638097509),
(4, 16.69108221937374, 11.195773250934614, 0.060000909392251466, 16.666414061536546),
(5, 22.406824146981627, 35.726482032501714, 0.03998157568572786, 25.011520502854214);

-- --------------------------------------------------------

--
-- Struktur dari tabel `mutasi_generasi`
--

CREATE TABLE IF NOT EXISTS `mutasi_generasi` (
  `no_mutasi` int(11) NOT NULL,
  `mutasi_x` double NOT NULL,
  `mutasi_y` double NOT NULL,
  `fitness` double NOT NULL,
  `c` double NOT NULL,
  `jml_generasi` int(11) NOT NULL
) ENGINE=InnoDB AUTO_INCREMENT=26 DEFAULT CHARSET=latin1;

--
-- Dumping data untuk tabel `mutasi_generasi`
--

INSERT INTO `mutasi_generasi` (`no_mutasi`, `mutasi_x`, `mutasi_y`, `fitness`, `c`, `jml_generasi`) VALUES
(1, 31.018494781175608, 15.626382848859388, 0.04567910178188649, 21.891849029232404, 1),
(2, 13.27119575169383, 4.377355611505303, 0.023474687960670083, 42.599075296567015, 1),
(3, 14.6607458951352, 15.626382848859388, 0.03678986686605048, 27.181397628888824, 1),
(4, 24.642495269486663, 15.626382848859388, 0.3618140713873564, 2.763850494165565, 1),
(5, 38.76280290545077, 15.626382848859388, 0.02216077610163458, 45.12477340205788, 1),
(6, 24.642495269486663, 5.62600137331197, 0.06146001652438377, 16.270740825513087, 2),
(7, 24.642495269486663, 30.27740901808194, 0.11932224744959737, 8.380666819256884, 2),
(8, 24.642495269486663, 22.55909056229496, 1.5097795286474505, 0.6623483634699028, 2),
(9, 24.642495269486663, 23.471274891279467, 0.6351090738174391, 1.5745326924544116, 2),
(10, 24.642495269486663, 27.54993514915694, 0.17689118499684192, 5.653192950331885, 2),
(11, 24.642495269486663, 31.902571145189594, 0.03443434094353756, 29.0407765213138, 3),
(12, 11.780748336690472, 22.55909056229496, 0.052943822497034734, 18.88794485996941, 3),
(13, 16.69108221937374, 22.55909056229496, 0.24056138104860408, 4.156943211919604, 3),
(14, 24.642495269486663, 17.878004119935913, 0.06659470222910617, 15.016209496060117, 3),
(15, 11.072697308185314, 22.55909056229496, 0.047591630430929045, 21.012097945484882, 3),
(16, 16.69108221937374, 35.726482032501714, 0.33328757062326014, 3.000411920942515, 4),
(17, 31.866385887810534, 22.55909056229496, 0.034062140964346156, 29.35810761416111, 4),
(18, 16.69108221937374, 19.905317769131, 0.05313051309876195, 18.82157618431323, 4),
(19, 12.467557834340475, 22.55909056229496, 0.03467601577350468, 28.838376546249066, 4),
(20, 29.181102362204726, 22.55909056229496, 0.04694338248979726, 21.302257037343686, 4),
(21, 13.556186290667155, 35.726482032501714, 0.6491849528632522, 1.5403930660892033, 5),
(22, 16.69108221937374, 11.133287556267643, 0.05977679432439504, 16.728899756203518, 5),
(23, 16.69108221937374, 37.78637369344625, 0.10076392780339401, 9.92418638097509, 5),
(24, 16.69108221937374, 11.195773250934614, 0.060000909392251466, 16.666414061536546, 5),
(25, 22.406824146981627, 35.726482032501714, 0.03998157568572786, 25.011520502854214, 5);

-- --------------------------------------------------------

--
-- Struktur dari tabel `parameter`
--

CREATE TABLE IF NOT EXISTS `parameter` (
  `id` int(11) NOT NULL,
  `nama_parameter` varchar(50) NOT NULL,
  `nilai` double NOT NULL
) ENGINE=InnoDB AUTO_INCREMENT=18 DEFAULT CHARSET=latin1;

--
-- Dumping data untuk tabel `parameter`
--

INSERT INTO `parameter` (`id`, `nama_parameter`, `nilai`) VALUES
(3, 'popsize', 5),
(8, 'peluang kelestarian kromosom terbaik', 0.10000000149011612),
(15, 'mutasi', 0.009999999776482582),
(16, 'crossover', 0.44999998807907104),
(17, 'generasi', 5);

-- --------------------------------------------------------

--
-- Struktur dari tabel `pegawai`
--

CREATE TABLE IF NOT EXISTS `pegawai` (
  `sal` varchar(10) NOT NULL,
  `nama_pegawai` varchar(50) NOT NULL,
  `alamat_pegawai` varchar(50) NOT NULL,
  `no_telp_pegawai` varchar(13) NOT NULL,
  `jenis_pegawai` tinyint(1) NOT NULL,
  `password` varchar(500) NOT NULL,
  `hakakses` tinyint(1) NOT NULL
) ENGINE=InnoDB DEFAULT CHARSET=latin1;

--
-- Dumping data untuk tabel `pegawai`
--

INSERT INTO `pegawai` (`sal`, `nama_pegawai`, `alamat_pegawai`, `no_telp_pegawai`, `jenis_pegawai`, `password`, `hakakses`) VALUES
('000038', 'Didik Sunoto', '-', '-', 0, '21232f297a57a5a743894a0e4a801fc3', 1),
('000052', 'Hasan Syaiful Rizal', '-', '-', 0, '81dc9bdb52d04dc20036dbd8313ed055', 0),
('000087', 'Ali Muchson', '-', '-', 0, '81dc9bdb52d04dc20036dbd8313ed055', 0),
('000098', 'Ainul Hidayati', '-', '-', 2, '81dc9bdb52d04dc20036dbd8313ed055', 0),
('000104', 'Supiati', '-', '-', 0, '81dc9bdb52d04dc20036dbd8313ed055', 0),
('020010', 'Edy Siswanto', '-', '-', 0, '81dc9bdb52d04dc20036dbd8313ed055', 0),
('020012', 'Muhamad Sutikno', '-', '-', 0, '81dc9bdb52d04dc20036dbd8313ed055', 0),
('020021', 'Arif Dwi Handoko', '-', '-', 1, '81dc9bdb52d04dc20036dbd8313ed055', 0),
('020022', 'Didik Eko Saputro', '-', '-', 2, '81dc9bdb52d04dc20036dbd8313ed055', 0),
('020023', 'Mahmudi', '-', '-', 0, '81dc9bdb52d04dc20036dbd8313ed055', 0),
('020024', 'Arif Efendi', '-', '-', 0, '81dc9bdb52d04dc20036dbd8313ed055', 0),
('020025', 'Amir Rachman Huda', '-', '-', 0, '81dc9bdb52d04dc20036dbd8313ed055', 0),
('020040', 'Nanik Rahayu', '-', '-', 2, '81dc9bdb52d04dc20036dbd8313ed055', 0),
('020044', 'Ike Dyan Ningrum', '-', '-', 2, '81dc9bdb52d04dc20036dbd8313ed055', 0),
('020048', 'Winarno', '-', '-', 0, '81dc9bdb52d04dc20036dbd8313ed055', 0),
('050041', 'Muji Iswanto', '-', '-', 0, '81dc9bdb52d04dc20036dbd8313ed055', 0),
('050110', 'Suyono', '-', '-', 0, '81dc9bdb52d04dc20036dbd8313ed055', 0),
('070347', 'Suliman', '-', '-', 0, '81dc9bdb52d04dc20036dbd8313ed055', 0),
('070350', 'Pujiono', '-', '-', 1, '81dc9bdb52d04dc20036dbd8313ed055', 0),
('070355', 'Mochamad Rosul', '-', '-', 0, '81dc9bdb52d04dc20036dbd8313ed055', 0),
('070357', 'Sukmawan Delmanto', '-', '-', 0, '81dc9bdb52d04dc20036dbd8313ed055', 0),
('070358', 'hendik Budi Setiyawan', '-', '-', 1, '81dc9bdb52d04dc20036dbd8313ed055', 0),
('070359', 'Bagus Teguh', '-', '-', 0, '81dc9bdb52d04dc20036dbd8313ed055', 0),
('070360', 'Didik Iswadi', '-', '-', 0, '81dc9bdb52d04dc20036dbd8313ed055', 0),
('070365', 'Edi Winarko', '-', '-', 0, '81dc9bdb52d04dc20036dbd8313ed055', 0),
('070367', 'Soekamto', '-', '-', 1, '81dc9bdb52d04dc20036dbd8313ed055', 0),
('116584', 'Erwin Junaedi', '-', '-', 0, '81dc9bdb52d04dc20036dbd8313ed055', 0),
('116585', 'Safaat ', '-', '-', 1, '81dc9bdb52d04dc20036dbd8313ed055', 0),
('116586', 'Abdul Rohman', '-', '-', 1, '81dc9bdb52d04dc20036dbd8313ed055', 0),
('116587', 'Sutikno', '-', '-', 0, '81dc9bdb52d04dc20036dbd8313ed055', 0),
('810099', 'Slamet B', '-', '-', 0, '81dc9bdb52d04dc20036dbd8313ed055', 0),
('860010', 'Siti', '-', '-', 0, '81dc9bdb52d04dc20036dbd8313ed055', 0),
('860029', 'Mariani', '-', '-', 0, '81dc9bdb52d04dc20036dbd8313ed055', 0),
('860034', 'Samani', '-', '-', 0, '81dc9bdb52d04dc20036dbd8313ed055', 0),
('870118', 'Mulyo', '-', '-', 0, '81dc9bdb52d04dc20036dbd8313ed055', 0),
('880097', 'Mulyadi', '-', '-', 0, '81dc9bdb52d04dc20036dbd8313ed055', 0),
('880098', 'Sudjarwo', '-', '-', 0, '81dc9bdb52d04dc20036dbd8313ed055', 0),
('880135', 'Karsiasih', '-', '-', 2, '81dc9bdb52d04dc20036dbd8313ed055', 0),
('890077', 'Sri Winarsih', '-', '-', 0, '81dc9bdb52d04dc20036dbd8313ed055', 0),
('890086', 'Tutuk Kiptiyah', '-', '-', 2, '81dc9bdb52d04dc20036dbd8313ed055', 0),
('930005', 'Kasiadi Irawan', '-', '-', 0, '81dc9bdb52d04dc20036dbd8313ed055', 0),
('930020', 'Sumarto', '-', '-', 0, '81dc9bdb52d04dc20036dbd8313ed055', 0),
('930037', 'Rohmad Pitono', '-', '-', 0, '81dc9bdb52d04dc20036dbd8313ed055', 0),
('930041', 'Cholifatin', '-', '-', 0, '81dc9bdb52d04dc20036dbd8313ed055', 0),
('930042', 'Siti Aisyah', '-', '-', 2, '81dc9bdb52d04dc20036dbd8313ed055', 0),
('950036', 'Mataji', '-', '-', 0, '81dc9bdb52d04dc20036dbd8313ed055', 0),
('950050', 'Kusnin', '-', '-', 0, '81dc9bdb52d04dc20036dbd8313ed055', 0),
('950052', 'Basir', '-', '-', 0, '81dc9bdb52d04dc20036dbd8313ed055', 0),
('950053', 'Sulianto', '-', '-', 0, '81dc9bdb52d04dc20036dbd8313ed055', 0),
('950054', 'Bambang Suharyanto', '-', '-', 0, '81dc9bdb52d04dc20036dbd8313ed055', 0),
('950055', 'Misdiono', '-', '-', 0, '81dc9bdb52d04dc20036dbd8313ed055', 0),
('950057', 'Sumaji', '-', '-', 0, '81dc9bdb52d04dc20036dbd8313ed055', 0),
('950096', 'Beny Cahyono', '-', '-', 0, '81dc9bdb52d04dc20036dbd8313ed055', 0),
('950097', 'Jayati', '-', '-', 0, '81dc9bdb52d04dc20036dbd8313ed055', 0),
('960012', 'Suhadak', '-', '-', 0, '81dc9bdb52d04dc20036dbd8313ed055', 0),
('960013', 'Nor Cholifah', '-', '-', 2, '81dc9bdb52d04dc20036dbd8313ed055', 0),
('960020', 'Mochamad Machfud H', '-', '-', 0, '81dc9bdb52d04dc20036dbd8313ed055', 0),
('960064', 'Feny Sulistyowati', '-', '-', 0, '81dc9bdb52d04dc20036dbd8313ed055', 0),
('960066', 'Isnawati', '-', '-', 0, '81dc9bdb52d04dc20036dbd8313ed055', 0),
('960067', 'Samsul Hadi', '-', '-', 0, '81dc9bdb52d04dc20036dbd8313ed055', 0),
('970009', 'Surjanti Emi W', '-', '-', 2, '81dc9bdb52d04dc20036dbd8313ed055', 0),
('970010', 'Ika Puspita', '-', '-', 0, '81dc9bdb52d04dc20036dbd8313ed055', 0),
('970013', 'Siti Munawaroh', '-', '-', 2, '81dc9bdb52d04dc20036dbd8313ed055', 0),
('970034', 'Rita Royani', '-', '-', 0, '81dc9bdb52d04dc20036dbd8313ed055', 0),
('970039', 'Sri Lestari', '-', '-', 2, '81dc9bdb52d04dc20036dbd8313ed055', 0),
('970051', 'Mujiono', '-', '-', 0, '81dc9bdb52d04dc20036dbd8313ed055', 0),
('970060', 'Kholipah', '-', '-', 2, '81dc9bdb52d04dc20036dbd8313ed055', 0),
('970061', 'Nanik Kristina', '-', '-', 2, '81dc9bdb52d04dc20036dbd8313ed055', 0),
('970062', 'Indasah', '-', '-', 2, '81dc9bdb52d04dc20036dbd8313ed055', 0),
('970078', 'Purnomo', '-', '-', 0, '81dc9bdb52d04dc20036dbd8313ed055', 0),
('970088', 'Sugianto', '-', '-', 0, '81dc9bdb52d04dc20036dbd8313ed055', 0),
('970091', 'Hartatik', '-', '-', 0, '81dc9bdb52d04dc20036dbd8313ed055', 0),
('970095', 'Eny Kusrini', '-', '-', 0, '81dc9bdb52d04dc20036dbd8313ed055', 0),
('970096', 'Yunita Sri Lestari', '-', '-', 0, '81dc9bdb52d04dc20036dbd8313ed055', 0),
('970106', 'M.Sodiq', '-', '-', 0, '81dc9bdb52d04dc20036dbd8313ed055', 0),
('980023', 'Sulistyowati', '-', '-', 0, '81dc9bdb52d04dc20036dbd8313ed055', 0),
('980028', 'Anik Kusmiati', '-', '-', 2, '81dc9bdb52d04dc20036dbd8313ed055', 0),
('980030', 'Nari Matkosim', '-', '-', 0, '81dc9bdb52d04dc20036dbd8313ed055', 0),
('980049', 'Binti', '-', '-', 2, '81dc9bdb52d04dc20036dbd8313ed055', 0),
('990137', 'Samian	', '-', '-', 0, '81dc9bdb52d04dc20036dbd8313ed055', 0);

-- --------------------------------------------------------

--
-- Struktur dari tabel `populasi`
--

CREATE TABLE IF NOT EXISTS `populasi` (
  `noKromosom` int(11) NOT NULL,
  `binerX` int(11) NOT NULL,
  `binerY` int(11) NOT NULL
) ENGINE=InnoDB AUTO_INCREMENT=6 DEFAULT CHARSET=latin1;

--
-- Dumping data untuk tabel `populasi`
--

INSERT INTO `populasi` (`noKromosom`, `binerX`, `binerY`) VALUES
(1, 13398, 57408),
(2, 5654, 23642),
(3, 1848, 62250),
(4, 12633, 6728),
(5, 2598, 17975);

-- --------------------------------------------------------

--
-- Struktur dari tabel `rata_rata`
--

CREATE TABLE IF NOT EXISTS `rata_rata` (
  `no_rata_rata` int(11) NOT NULL,
  `rata_rata_x` double NOT NULL,
  `rata_rata_y` double NOT NULL,
  `total_fitness` double NOT NULL,
  `probabilitas_kumulatif` double NOT NULL
) ENGINE=InnoDB AUTO_INCREMENT=2 DEFAULT CHARSET=latin1;

--
-- Dumping data untuk tabel `rata_rata`
--

INSERT INTO `rata_rata` (`no_rata_rata`, `rata_rata_x`, `rata_rata_y`, `total_fitness`, `probabilitas_kumulatif`) VALUES
(1, 22.79129585545993, 20.944930189974823, 0.27057612940779674, 0.9999999999999999);

-- --------------------------------------------------------

--
-- Struktur dari tabel `roulete_wheel`
--

CREATE TABLE IF NOT EXISTS `roulete_wheel` (
  `roulete_wheel_id` int(11) NOT NULL,
  `roulete_wheel_gen_X` double NOT NULL,
  `roulete_wheel_gen_Y` double NOT NULL
) ENGINE=InnoDB AUTO_INCREMENT=6 DEFAULT CHARSET=latin1;

--
-- Dumping data untuk tabel `roulete_wheel`
--

INSERT INTO `roulete_wheel` (`roulete_wheel_id`, `roulete_wheel_gen_X`, `roulete_wheel_gen_Y`) VALUES
(1, 16.69108221937374, 35.726482032501714),
(2, 31.866385887810534, 22.55909056229496),
(3, 16.69108221937374, 35.726482032501714),
(4, 16.69108221937374, 35.726482032501714),
(5, 16.69108221937374, 35.726482032501714);

-- --------------------------------------------------------

--
-- Struktur dari tabel `roulete_wheel_generasi`
--

CREATE TABLE IF NOT EXISTS `roulete_wheel_generasi` (
  `roulete_wheel_id` int(11) NOT NULL,
  `roulete_wheel_gen_X` double NOT NULL,
  `roulete_wheel_gen_Y` double NOT NULL,
  `jml_generasi` int(11) NOT NULL
) ENGINE=InnoDB AUTO_INCREMENT=26 DEFAULT CHARSET=latin1;

--
-- Dumping data untuk tabel `roulete_wheel_generasi`
--

INSERT INTO `roulete_wheel_generasi` (`roulete_wheel_id`, `roulete_wheel_gen_X`, `roulete_wheel_gen_Y`, `jml_generasi`) VALUES
(1, 13.27119575169383, 36.24559395742733, 1),
(2, 20.008301287920403, 15.626382848859388, 1),
(3, 13.27119575169383, 36.24559395742733, 1),
(4, 32.36202160776415, 6.593194476234073, 1),
(5, 33.71616919978026, 33.65964751659419, 1),
(6, 24.642495269486663, 15.626382848859388, 2),
(7, 31.018494781175608, 15.626382848859388, 2),
(8, 24.642495269486663, 15.626382848859388, 2),
(9, 24.642495269486663, 15.626382848859388, 2),
(10, 24.642495269486663, 15.626382848859388, 2),
(11, 24.642495269486663, 22.55909056229496, 3),
(12, 24.642495269486663, 22.55909056229496, 3),
(13, 24.642495269486663, 22.55909056229496, 3),
(14, 24.642495269486663, 23.471274891279467, 3),
(15, 24.642495269486663, 22.55909056229496, 3),
(16, 16.69108221937374, 22.55909056229496, 4),
(17, 16.69108221937374, 22.55909056229496, 4),
(18, 16.69108221937374, 22.55909056229496, 4),
(19, 16.69108221937374, 22.55909056229496, 4),
(20, 24.642495269486663, 17.878004119935913, 4),
(21, 16.69108221937374, 35.726482032501714, 5),
(22, 31.866385887810534, 22.55909056229496, 5),
(23, 16.69108221937374, 35.726482032501714, 5),
(24, 16.69108221937374, 35.726482032501714, 5),
(25, 16.69108221937374, 35.726482032501714, 5);

-- --------------------------------------------------------

--
-- Struktur dari tabel `user`
--

CREATE TABLE IF NOT EXISTS `user` (
  `userName` varchar(50) NOT NULL,
  `password` varchar(255) NOT NULL,
  `hakAkses` varchar(50) NOT NULL
) ENGINE=InnoDB DEFAULT CHARSET=latin1;

--
-- Dumping data untuk tabel `user`
--

INSERT INTO `user` (`userName`, `password`, `hakAkses`) VALUES
('admin', 'admin', '1');

--
-- Indexes for dumped tables
--

--
-- Indexes for table `cross_over`
--
ALTER TABLE `cross_over`
  ADD PRIMARY KEY (`no_cross_over`);

--
-- Indexes for table `cross_over_generasi`
--
ALTER TABLE `cross_over_generasi`
  ADD PRIMARY KEY (`no_cross_over`);

--
-- Indexes for table `daftar_index`
--
ALTER TABLE `daftar_index`
  ADD PRIMARY KEY (`id`);

--
-- Indexes for table `evaluasi`
--
ALTER TABLE `evaluasi`
  ADD PRIMARY KEY (`noEvaluasi`);

--
-- Indexes for table `evaluasi_generasi`
--
ALTER TABLE `evaluasi_generasi`
  ADD PRIMARY KEY (`noEvaluasi`);

--
-- Indexes for table `koordinat`
--
ALTER TABLE `koordinat`
  ADD PRIMARY KEY (`id`);

--
-- Indexes for table `mutasi`
--
ALTER TABLE `mutasi`
  ADD PRIMARY KEY (`no_mutasi`);

--
-- Indexes for table `mutasi_generasi`
--
ALTER TABLE `mutasi_generasi`
  ADD PRIMARY KEY (`no_mutasi`);

--
-- Indexes for table `parameter`
--
ALTER TABLE `parameter`
  ADD PRIMARY KEY (`id`);

--
-- Indexes for table `populasi`
--
ALTER TABLE `populasi`
  ADD PRIMARY KEY (`noKromosom`);

--
-- Indexes for table `rata_rata`
--
ALTER TABLE `rata_rata`
  ADD PRIMARY KEY (`no_rata_rata`);

--
-- Indexes for table `roulete_wheel`
--
ALTER TABLE `roulete_wheel`
  ADD PRIMARY KEY (`roulete_wheel_id`);

--
-- Indexes for table `roulete_wheel_generasi`
--
ALTER TABLE `roulete_wheel_generasi`
  ADD PRIMARY KEY (`roulete_wheel_id`);

--
-- Indexes for table `user`
--
ALTER TABLE `user`
  ADD PRIMARY KEY (`userName`);

--
-- AUTO_INCREMENT for dumped tables
--

--
-- AUTO_INCREMENT for table `cross_over`
--
ALTER TABLE `cross_over`
  MODIFY `no_cross_over` int(11) NOT NULL AUTO_INCREMENT,AUTO_INCREMENT=6;
--
-- AUTO_INCREMENT for table `cross_over_generasi`
--
ALTER TABLE `cross_over_generasi`
  MODIFY `no_cross_over` int(11) NOT NULL AUTO_INCREMENT,AUTO_INCREMENT=26;
--
-- AUTO_INCREMENT for table `daftar_index`
--
ALTER TABLE `daftar_index`
  MODIFY `id` int(11) NOT NULL AUTO_INCREMENT,AUTO_INCREMENT=11;
--
-- AUTO_INCREMENT for table `evaluasi`
--
ALTER TABLE `evaluasi`
  MODIFY `noEvaluasi` int(11) NOT NULL AUTO_INCREMENT,AUTO_INCREMENT=6;
--
-- AUTO_INCREMENT for table `evaluasi_generasi`
--
ALTER TABLE `evaluasi_generasi`
  MODIFY `noEvaluasi` int(11) NOT NULL AUTO_INCREMENT,AUTO_INCREMENT=31;
--
-- AUTO_INCREMENT for table `koordinat`
--
ALTER TABLE `koordinat`
  MODIFY `id` int(11) NOT NULL AUTO_INCREMENT,AUTO_INCREMENT=27;
--
-- AUTO_INCREMENT for table `mutasi`
--
ALTER TABLE `mutasi`
  MODIFY `no_mutasi` int(11) NOT NULL AUTO_INCREMENT,AUTO_INCREMENT=6;
--
-- AUTO_INCREMENT for table `mutasi_generasi`
--
ALTER TABLE `mutasi_generasi`
  MODIFY `no_mutasi` int(11) NOT NULL AUTO_INCREMENT,AUTO_INCREMENT=26;
--
-- AUTO_INCREMENT for table `parameter`
--
ALTER TABLE `parameter`
  MODIFY `id` int(11) NOT NULL AUTO_INCREMENT,AUTO_INCREMENT=18;
--
-- AUTO_INCREMENT for table `populasi`
--
ALTER TABLE `populasi`
  MODIFY `noKromosom` int(11) NOT NULL AUTO_INCREMENT,AUTO_INCREMENT=6;
--
-- AUTO_INCREMENT for table `rata_rata`
--
ALTER TABLE `rata_rata`
  MODIFY `no_rata_rata` int(11) NOT NULL AUTO_INCREMENT,AUTO_INCREMENT=2;
--
-- AUTO_INCREMENT for table `roulete_wheel`
--
ALTER TABLE `roulete_wheel`
  MODIFY `roulete_wheel_id` int(11) NOT NULL AUTO_INCREMENT,AUTO_INCREMENT=6;
--
-- AUTO_INCREMENT for table `roulete_wheel_generasi`
--
ALTER TABLE `roulete_wheel_generasi`
  MODIFY `roulete_wheel_id` int(11) NOT NULL AUTO_INCREMENT,AUTO_INCREMENT=26;
/*!40101 SET CHARACTER_SET_CLIENT=@OLD_CHARACTER_SET_CLIENT */;
/*!40101 SET CHARACTER_SET_RESULTS=@OLD_CHARACTER_SET_RESULTS */;
/*!40101 SET COLLATION_CONNECTION=@OLD_COLLATION_CONNECTION */;
